window,t_start,R_k,rms_residual,loss_end,step_end,proj_err_u,proj_err_ut,jump_u_max_over_A0,jump_ut_max_over_wA0
0,0.0,6790.17827946138,177.96597776419182,13681.6328125,250,6.167964039878384e-05,0.00277776277587781,4.700449661154942e-05,0.00039312506039387407
1,0.05,7874.537035054024,122.5981955895001,11824.1962890625,500,2.6468189826827273e-05,0.002352489904298379,1.1992658298029535e-05,8.646810750110756e-05
2,0.1,10396.920487703925,94.94242572933011,6576.7763671875,750,0.00020478983414159532,0.011834744196334518,3.94178768313002e-05,0.00018847030639361224
3,0.15000000000000002,9936.15314126616,50.71167819421743,1413.215576171875,1000,4.3956906533212576e-05,0.0012829757898971722,6.906946304584543e-06,4.407516543043675e-05
4,0.2,11214.680067565072,31.729603369420964,605.10302734375,1250,3.4535828174136685e-05,0.001224275236851129,3.002727673512886e-06,1.9025045628078252e-05
5,0.25,15110.665979586056,23.323184752763986,240.159423828125,1500,6.785291940782376e-05,0.0004418022043484299,3.4542827692880443e-06,4.490471098303283e-06
6,0.30000000000000004,25070.85777151759,21.436015296567962,249.05873107910156,1750,0.0003735071639630732,0.0005666827559462716,7.380190585683022e-06,6.590201217673873e-06
7,0.35000000000000003,35916.26423875509,12.99899905747132,83.64546203613281,2000,0.001047459017668982,0.001603957483234407,9.641120213858837e-07,2.9897280327096857e-06
8,0.4,114707.3403847107,8.459687673489977,7.074143886566162,2250,0.003669881647470316,0.00031559407465580903,1.774152684866129e-06,7.443448715349032e-07
9,0.45,51023.70717712935,3.7214438731421757,5.231623649597168,2500,0.0001279726928675931,0.0005518667028538814,4.7040153202426053e-07,3.2792423293373713e-07
10,0.5,25741.647706621632,1.6488706693723094,1.8311009407043457,2750,4.878540057245547e-05,4.169565725863247e-05,1.8734995178586227e-07,4.618830026976752e-08
