trajectory,seed,level,state,pde_evaluations,L2_exact,L2_paper,L2_late_exact,collapse_time_s,persistence_cycles,collapse_time_vel_s,t_c1,t_h,post_class,rho_1_FULL,rho_nonfund_FULL,h_r_FULL,centroid_FULL,rho_1_PRE,rho_nonfund_PRE,h_r_PRE,centroid_PRE,rho_1_POST,rho_nonfund_POST,h_r_POST,centroid_POST,eps1_FULL,R_norm_FULL,n_g1,n_g2,n_g3,n_g4,minC,frac_neg,starv,cos_behind_front,cos_front_ahead,front_over_behind,C_st,ratio_space_time,C_TS,chi,sigma_1,log10_kappa_hat,rank_1e-06,rank_1e-02,rank_entropy,saturated
FF-B1,1234,0k,FF_init_s1234,0,3.994911222154207,3.994893457798472,15.72724304934369,0.0245,0.504274986154467,0.0245,0.0245,0.41550000000000004,REDISTRIBUTION,14.962980963502511,0.0258686166865257,0.8135676762411894,4.682405028333542,2.3023195370181293,0.005911782875273743,0.8183347928304681,4.346104218583833,17.385453596919582,0.029687128384206823,0.8134327047263673,4.692365660054886,3.994955104454738,8.921803655585308,110977332.66179413,50080884.12384504,40697981.70595619,45543011.23770711,-0.006453432154460951,0.16666666666666666,0.410381202587563,nan,0.4671203931335993,nan,0.24638775177869227,22494.60061882132,-0.3039839674800844,0.9995722342425732,929456.2158355797,4.233979421036573,640,426,270.0516769991697,False
FF-B1,1234,128k,FF_b1-128k_s1234,128000,0.8694227462539914,0.8694091168116241,1.107744203450066,0.0345,0.7101015111154739,0.04175,0.0345,nan,AMPLITUDE_LOSS,0.1597928176367303,7.082107638589796e-06,0.21395137270956666,1.3498885706599757,0.6156095266076671,8.92783995607209e-06,0.04752074223961689,1.1081658375134298,0.022338516629514978,6.525515831942917e-06,0.4166838763639432,1.7390117385895378,0.8701833331637852,0.17315880245198942,65370.68457157387,99846.71087114052,99954.09355150654,72037.52991133792,0.6059004629343967,0.0,1.1019852458859378,nan,0.41142155602965996,nan,0.3735535632526842,1.4753116284864143,-0.04595671493504157,0.8418936584988961,210417.1062628873,4.97692212944408,640,254,175.6729408496278,False
FF-B1,1234,256k,FF_b1-256k_s1234,256000,0.7236314965336254,0.7236043435358539,1.116542149341302,0.079,1.6260295471919548,0.068,0.079,nan,AMPLITUDE_LOSS,0.278511235742833,4.081569038182964e-06,0.2527655352350171,1.8387937118902549,0.5733462482781637,1.4012106962326078e-06,0.06853766302826025,1.1939672617378165,0.041093367247798496,6.2399455446790555e-06,0.4576366452954359,2.6486442116428304,0.7242631411948383,0.13899952891671338,119295.69872997203,142718.26308579763,143277.13313765294,158083.15027232078,0.841076355225202,0.0,1.3251370498289703,nan,0.6566730263047331,nan,0.006526667896505603,1.8458033531711313,-0.15291791826830237,0.9437450726942112,211969.56027312676,5.013012141269105,640,240,170.97048645441672,False
FF-B1,1234,320k,FF_sw-320k_s1234,320000,0.6555341136042702,0.6555050704093348,1.0677760172899855,0.082,1.6877775046802568,0.09175,0.082,nan,AMPLITUDE_LOSS,0.33747057248158174,2.020029958603226e-06,0.25300158276446016,1.6043164312073386,0.6628705264375816,1.7091546793219146e-07,0.048185916066405765,1.1338447075998754,0.06640392523172728,3.5603905495426336e-06,0.43405273545660283,2.1023057709889974,0.6561093679743686,0.10792413287156796,83743.96479305558,58397.953673562675,86622.16333185838,44407.308883920654,0.015096340062190343,0.0,0.5302747367366478,0.5339523906679526,0.4358348458927391,0.9362082178232534,0.8622084235340061,1.3619329499745085,-0.08270132931094577,0.8713683536510016,212365.7118204724,5.043145506814019,640,233,167.95478164517434,False
FF-B1,1234,384k,FF_b1-384k_s1234,384000,0.6166414930744788,0.6166139727215877,1.0597462765166676,0.105,2.1611785120905727,0.115,0.105,nan,AMPLITUDE_LOSS,0.3579098056173391,1.570115812918473e-06,0.2415541641748199,1.8359243588749865,0.6079947494294674,3.6566911316876483e-07,0.07327285119843985,1.2669779135722832,0.06591502851393835,2.9764065726314805e-06,0.40065171395808363,2.4145982634386076,0.6171828393079802,0.09265244808820783,80853.77262503907,65830.2416104475,50412.55321789706,44360.051065995285,0.580169226616636,0.0,0.5486454079479491,-0.10279062388299237,0.7625165300173984,0.37459623673546694,0.6503619793894714,1.0491507030880174,-0.5205632602314229,0.8189850115216132,209710.36111013658,5.085609010245955,640,227,166.06927702697197,False
FF-B1,1234,512k,FF_b1-512k_s1234,512000,0.5590781113123263,0.5590509001435285,1.0697033481070297,0.13,2.67574482449309,0.14025,0.13,nan,AMPLITUDE_LOSS,0.4419304381001189,1.377040590626526e-06,0.24771604651462387,1.5033548698923975,0.6722229913427812,5.983659007917379e-07,0.11687252808767767,1.236724495013974,0.07746426007141108,2.6093886806350316e-06,0.38508186444364023,1.8318375831542952,0.5595686898220315,0.09458931746627211,67064.01143829229,55678.95074959442,69536.73112027443,24282.13686115648,-0.13146744037705035,0.3333333333333333,0.36207402957843104,-0.3601872830392314,0.34770577126954066,0.4460290194688968,0.8731720910970404,1.1209926259541143,-0.5045322867180975,0.7645241177474515,206975.57428690512,5.160360106498425,640,213,160.14894950053906,False
FF-B1,1234,640k,FF_b1-640k_s1234,640000,0.5263868153173643,0.5263551281416542,1.066839356263739,0.15325,3.1542914950274312,0.16325,0.15325,nan,AMPLITUDE_LOSS,0.472344345182038,1.1425207758785277e-06,0.12432176333073042,1.3014239253128863,0.6624868469158718,6.009444377450902e-07,0.0976050716883351,1.2391463314390216,0.08167157966074497,2.2552605569910026e-06,0.14603680790703288,1.353946734462661,0.5268476036385096,0.10877421039005046,85473.2404326443,168679.0556552641,67340.7245980995,68038.39211762632,0.5520566621887976,0.0,0.7960198042478897,-0.3990729668106011,-0.336813029946008,0.32413962585522865,0.48290901868864056,1.1047572170613111,-0.21619390865108717,0.9428922201831719,202425.50011678296,5.248328794946436,640,196,152.94775770574904,False
FF-LBFGS,1234,0k,FF_init_s1234,0,3.994911222154207,3.994893457798472,15.72724304934369,0.0245,0.504274986154467,0.0245,0.0245,0.41550000000000004,REDISTRIBUTION,14.962980963502511,0.0258686166865257,0.8135676762411894,4.682405028333542,2.3023195370181293,0.005911782875273743,0.8183347928304681,4.346104218583833,17.385453596919582,0.029687128384206823,0.8134327047263673,4.692365660054886,3.994955104454738,8.921803655585308,110977332.66179413,50080884.12384504,40697981.70595619,45543011.23770711,-0.006453432154460951,0.16666666666666666,0.410381202587563,nan,0.4671203931335993,nan,0.24638775177869227,22494.60061882132,-0.3039839674800844,0.9995722342425732,929456.2158355797,4.233979421036573,640,426,270.0516769991697,False
FF-LBFGS,1234,128k,FF_b1-128k_s1234,128000,0.8694227462539914,0.8694091168116241,1.107744203450066,0.0345,0.7101015111154739,0.04175,0.0345,nan,AMPLITUDE_LOSS,0.1597928176367303,7.082107638589796e-06,0.21395137270956666,1.3498885706599757,0.6156095266076671,8.92783995607209e-06,0.04752074223961689,1.1081658375134298,0.022338516629514978,6.525515831942917e-06,0.4166838763639432,1.7390117385895378,0.8701833331637852,0.17315880245198942,65370.68457157387,99846.71087114052,99954.09355150654,72037.52991133792,0.6059004629343967,0.0,1.1019852458859378,nan,0.41142155602965996,nan,0.3735535632526842,1.4753116284864143,-0.04595671493504157,0.8418936584988961,210417.1062628873,4.97692212944408,640,254,175.6729408496278,False
FF-LBFGS,1234,256k,FF_b1-256k_s1234,256000,0.7236314965336254,0.7236043435358539,1.116542149341302,0.079,1.6260295471919548,0.068,0.079,nan,AMPLITUDE_LOSS,0.278511235742833,4.081569038182964e-06,0.2527655352350171,1.8387937118902549,0.5733462482781637,1.4012106962326078e-06,0.06853766302826025,1.1939672617378165,0.041093367247798496,6.2399455446790555e-06,0.4576366452954359,2.6486442116428304,0.7242631411948383,0.13899952891671338,119295.69872997203,142718.26308579763,143277.13313765294,158083.15027232078,0.841076355225202,0.0,1.3251370498289703,nan,0.6566730263047331,nan,0.006526667896505603,1.8458033531711313,-0.15291791826830237,0.9437450726942112,211969.56027312676,5.013012141269105,640,240,170.97048645441672,False
FF-LBFGS,1234,320k,FF_sw-320k_s1234,320000,0.6555341136042702,0.6555050704093348,1.0677760172899855,0.082,1.6877775046802568,0.09175,0.082,nan,AMPLITUDE_LOSS,0.33747057248158174,2.020029958603226e-06,0.25300158276446016,1.6043164312073386,0.6628705264375816,1.7091546793219146e-07,0.048185916066405765,1.1338447075998754,0.06640392523172728,3.5603905495426336e-06,0.43405273545660283,2.1023057709889974,0.6561093679743686,0.10792413287156796,83743.96479305558,58397.953673562675,86622.16333185838,44407.308883920654,0.015096340062190343,0.0,0.5302747367366478,0.5339523906679526,0.4358348458927391,0.9362082178232534,0.8622084235340061,1.3619329499745085,-0.08270132931094577,0.8713683536510016,212365.7118204724,5.043145506814019,640,233,167.95478164517434,False
FF-LBFGS,1234,384k,FF_tr-384k_s1234,384000,0.6413303543958548,0.641315164939382,1.046161515028388,0.08,1.6466121996880554,0.08650000000000001,0.08,nan,AMPLITUDE_LOSS,0.3376622631834851,7.5608725752850825e-06,0.27223972479298975,1.9450246467072243,0.6767539456707049,1.13888119390811e-05,0.20788806828616657,1.8189225328025358,0.060375253519550934,4.430634016862588e-06,0.6693176378922958,3.0092606238608535,0.6418870999593171,0.12654210645049355,74211.03859342352,20837.241810593532,13357.517750861356,16772.95155007617,-0.7051715161057899,0.6666666666666666,0.2260169358627271,0.20990700368211299,-0.2946285463097548,0.8902049476396657,0.9240524527840244,0.942378286797288,-0.5363300273422531,0.6288788660681205,214782.9264237525,5.050898412088228,640,229,166.83472715981023,False
FF-LBFGS,1234,512k,FF_tr-512k_s1234,512000,0.6648087319203899,0.6648020701435085,1.0664639968718126,0.078,1.605446894695854,0.06975,0.078,nan,AMPLITUDE_LOSS,0.30772817647245054,7.64696757216217e-06,0.18005374947168384,1.5477905682736581,0.6485894938816641,1.2302743168236152e-05,0.13148205732718865,1.4672315803719491,0.0386089867058463,3.971107355244887e-06,0.8133765193438997,3.410100232957865,0.6653873826178839,0.15820871207336493,95869.69945259215,16182.783806807465,9167.3785957576,9939.922640917635,-0.6483882901465334,0.6666666666666666,0.10368158758892278,nan,0.0673304458417385,nan,0.8876677107135095,0.8959459653419385,-0.3653674721983454,0.6723828617313561,217414.91196253273,5.079734423327212,640,222,163.8299837282373,False
FF-LBFGS,1234,623k,FF_tr-623k_s1234,623360,0.6712257619126017,0.6712226674849809,1.0670529794539194,0.0775,1.5951555684478036,0.06975,0.0775,nan,AMPLITUDE_LOSS,0.30881280983860976,7.06496230459092e-06,0.14983821584040236,1.4507739986353212,0.6614576432468856,1.2076922401209608e-05,0.11453911978147757,1.3889090667996005,0.033564177193079706,3.1529947021304496e-06,0.8374141991676227,3.618932761711431,0.6718109126330779,0.169426084220873,104158.40181853813,15415.478320731852,9648.212559339567,9532.480990905886,-0.5641225054547971,0.6666666666666666,0.09151907886905858,nan,0.08680253849999622,nan,0.8790020511912481,0.8856315970346883,-0.3650506932212875,0.663035633453201,219020.0774501433,5.109444110450336,640,217,160.89885467044283,False
MO-ADAM,1234,0k,MO_init_s1234,0,5.7831104396296995,5.783084415790351,24.49607205436935,0.0245,0.504274986154467,0.0245,0.0245,nan,REDISTRIBUTION,32.51071880476928,2.4199338650610427e-28,2.220446049250313e-16,1.0,2.69198390525615,2.0158611815066094e-29,-2.220446049250313e-16,1.0,38.21619238343107,2.8443893123136925e-28,4.440892098500626e-16,1.0,5.787626253332682,5.678374904416553,31018188.943214327,28527120.70860215,30268013.31544179,32532252.4034557,0.1551039851281476,0.0,1.0488121167555333,nan,0.3355116031570923,nan,0.29645080392016104,560.4942267460466,0.0739249978686112,0.9963422544443988,274754.3112496008,9.943186267619948,276,47,31.910536198080074,True
MO-ADAM,1234,128k,MO_m0-128k_s1234,128000,0.552975242841656,0.5529541255796027,1.0719243731212207,0.1505,3.097689200663154,0.1385,0.1505,nan,AMPLITUDE_LOSS,0.4386279249032231,3.254483107455291e-30,-1.3322676295501878e-15,1.0,0.62480276610095,4.63543618575696e-30,-6.661338147750939e-16,1.0,0.06821150922768786,5.069169691426874e-31,-4.440892098500626e-16,1.0,0.5534582597426965,0.10627797075201344,459021.5984842005,217179.98416446225,178155.67022856942,241166.56275418855,-0.6103715994628834,0.5,0.5253926254245518,0.6962303567379596,0.5382984499346348,0.4138572119311334,0.8008953566962769,1.490816148670542,0.021904771983433845,0.907887557667942,228738.06849020437,9.930621211774593,299,64,37.691252974420465,True
MO-ADAM,1234,256k,MO_m0-256k_s1234,256000,0.37171406561856574,0.3716828295513945,1.0593289917276103,0.24975,5.140517460901148,0.26075,0.24975,nan,AMPLITUDE_LOSS,0.6173545399339486,4.590107081624907e-30,5.551115123125783e-16,1.0,0.7135802585552328,5.3059009608927725e-30,0.0,1.0,0.12961337761245217,9.619487923554493e-31,4.440892098500626e-16,1.0,0.372041574324866,0.07824767860822905,310074.6924835913,161361.5612943616,192793.74050598053,85256.25362946634,-0.5506245173829747,0.16666666666666666,0.2749539246385868,-0.2471529401250923,0.004866934149767167,0.21642432167081196,0.9168206473302257,1.1066147777777187,0.2625545778567037,0.9144838154418108,199524.5692846236,9.968714805505964,313,80,43.39618901830924,True
MO-ADAM,1234,384k,MO_m0-384k_s1234,384000,0.26469226994725087,0.2646628139052615,0.8729346453790714,0.34725,7.147326079270965,0.358,0.34725,nan,AMPLITUDE_LOSS,0.7227821859359808,5.3779569733393874e-30,-2.220446049250313e-16,1.0,0.7765758431218635,5.778140967080279e-30,4.440892098500626e-16,1.0,0.12247629519921692,9.121366259497142e-31,-4.440892098500626e-16,1.0,0.2649235856077814,0.04180294599714603,91106.79188472831,77182.86378379745,98443.68871349415,16719.884186425887,-0.5730766500723254,0.5,0.18351962395493523,-0.3338321815799294,0.07760726566177104,1.6232464367511399,0.9738174711904265,0.9892775040684314,-0.2781484725103845,0.7932911198051339,182174.99726363603,9.988534811528107,325,91,48.540542005930156,True
MO-ADAM,1234,512k,MO_m0-512k_s1234,512000,0.2431811363013004,0.24314941190824926,0.8046374545974088,0.39625,8.155876051579899,0.40800000000000003,0.39625,nan,AMPLITUDE_LOSS,0.7532663490521936,5.609121668282491e-30,2.220446049250313e-16,1.0,0.7912397135490322,5.891905417700635e-30,-4.440892098500626e-16,1.0,0.13575140846856146,1.0105512615307458e-30,-8.881784197001252e-16,1.0,0.2433916695094861,0.06383446540893782,112380.63700898273,75135.77411095506,89266.95852369315,56601.27803734553,-0.2086613635749715,0.3333333333333333,0.5036568535629614,0.41075303498960625,-0.1034140446197975,0.5252046677938599,0.9709634160710704,1.0678064867302002,-0.41129664619398715,0.7757536509316983,174086.44382193853,9.964693959138055,330,96,52.02955480638235,True
MO-ADAM,1234,640k,MO_m0-640k_s1234,640000,0.2704517947549996,0.2704651278656043,0.8239631351578015,0.37025,7.620727086681282,0.3815,0.37025,nan,AMPLITUDE_LOSS,0.6979322039720147,5.198590380168138e-30,3.3306690738754696e-16,1.0,0.7402858685381325,5.514189450054431e-30,-2.220446049250313e-16,1.0,0.13314994883876557,9.90105559921292e-31,0.0,1.0,0.27068938738004455,0.07426476830867083,155768.41338181586,175518.26044656735,117707.30125679387,26266.937340119155,0.21880607895237955,0.0,0.16862813692358963,0.5805296021198975,0.6519452146928039,0.8560953086647499,0.922462229587163,1.1360660328391223,0.09745153386159362,0.8923940312117181,165767.30450641914,9.944833105025017,332,93,54.99192434988589,True
MO-LBFGS,1234,0k,MO_init_s1234,0,5.7831104396296995,5.783084415790351,24.49607205436935,0.0245,0.504274986154467,0.0245,0.0245,nan,REDISTRIBUTION,32.51071880476928,2.4199338650610427e-28,2.220446049250313e-16,1.0,2.69198390525615,2.0158611815066094e-29,-2.220446049250313e-16,1.0,38.21619238343107,2.8443893123136925e-28,4.440892098500626e-16,1.0,5.787626253332682,5.678374904416553,31018188.943214327,28527120.70860215,30268013.31544179,32532252.4034557,0.1551039851281476,0.0,1.0488121167555333,nan,0.3355116031570923,nan,0.29645080392016104,560.4942267460466,0.0739249978686112,0.9963422544443988,274754.3112496008,9.943186267619948,276,47,31.910536198080074,True
MO-LBFGS,1234,128k,MO_m0-128k_s1234,128000,0.552975242841656,0.5529541255796027,1.0719243731212207,0.1505,3.097689200663154,0.1385,0.1505,nan,AMPLITUDE_LOSS,0.4386279249032231,3.254483107455291e-30,-1.3322676295501878e-15,1.0,0.62480276610095,4.63543618575696e-30,-6.661338147750939e-16,1.0,0.06821150922768786,5.069169691426874e-31,-4.440892098500626e-16,1.0,0.5534582597426965,0.10627797075201344,459021.5984842005,217179.98416446225,178155.67022856942,241166.56275418855,-0.6103715994628834,0.5,0.5253926254245518,0.6962303567379596,0.5382984499346348,0.4138572119311334,0.8008953566962769,1.490816148670542,0.021904771983433845,0.907887557667942,228738.06849020437,9.930621211774593,299,64,37.691252974420465,True
MO-LBFGS,1234,256k,MO_m0-256k_s1234,256000,0.37171406561856574,0.3716828295513945,1.0593289917276103,0.24975,5.140517460901148,0.26075,0.24975,nan,AMPLITUDE_LOSS,0.6173545399339486,4.590107081624907e-30,5.551115123125783e-16,1.0,0.7135802585552328,5.3059009608927725e-30,0.0,1.0,0.12961337761245217,9.619487923554493e-31,4.440892098500626e-16,1.0,0.372041574324866,0.07824767860822905,310074.6924835913,161361.5612943616,192793.74050598053,85256.25362946634,-0.5506245173829747,0.16666666666666666,0.2749539246385868,-0.2471529401250923,0.004866934149767167,0.21642432167081196,0.9168206473302257,1.1066147777777187,0.2625545778567037,0.9144838154418108,199524.5692846236,9.968714805505964,313,80,43.39618901830924,True
MO-LBFGS,1234,384k,MO_ml-384k_s1234,384000,0.2503274793135935,0.250293405915923,0.8715273697054117,0.38875,8.001506157859144,0.3815,0.38875,nan,AMPLITUDE_LOSS,0.719654650511878,5.356166403396011e-30,-2.220446049250313e-16,1.0,0.761404624342267,5.666953034601796e-30,-1.3322676295501878e-15,1.0,0.09847606466885027,7.321155990621018e-31,-6.661338147750939e-16,1.0,0.25054678584904655,0.046236648420296685,66199.90309857327,7964.400329762893,3248.626293175048,1552.7598739291896,-0.4081557452893106,0.3333333333333333,0.023455621553057145,-0.5239692328833223,-0.34472369111709206,0.48436463986404543,0.98514821150715,0.9824407192009168,-0.32947003300834216,0.58118046621775,192312.4000612439,9.9613080418517,322,88,47.904421106717045,True
MO-LBFGS,1234,512k,MO_ml-512k_s1234,512000,0.08780951049349202,0.08780248268978112,0.3956016175619215,0.761,15.663398549532626,0.74825,0.761,nan,AMPLITUDE_LOSS,0.9009896067503474,6.710239609873498e-30,9.992007221626409e-16,1.0,0.9035394926248205,6.729233002946137e-30,1.2212453270876722e-15,1.0,0.2002192305124239,1.4903953247643449e-30,-4.440892098500626e-16,1.0,0.08788543629019072,0.01794622406503162,30315.042930420695,3686.0705981185524,9289.96895409111,2939.6505287992886,-0.18629140259689117,0.5,0.09697002691193266,-0.055314667357221056,-0.3618263837296214,0.18503093800758963,0.990854596381156,0.9776969002148114,-0.2463747621162884,0.6357637719915458,197629.51128965543,9.99919287947007,325,97,50.74089307116049,True
MO-LBFGS,1234,623k,MO_ml-623k_s1234,623360,0.038154575042892436,0.03805888644378752,0.1471153220775085,1.0,20.582652496100692,1.0,1.0,nan,NOT_COLLAPSED,0.9481695326592976,7.053493704877099e-30,-2.220446049250313e-16,1.0,0.9481700614647488,7.053497730793564e-30,-2.220446049250313e-16,1.0,nan,nan,nan,nan,0.03818787669849426,0.010135070941045266,16910.1066113576,1108.288823447612,6128.095027679237,856.0543071792823,-0.03769975740852772,0.16666666666666666,0.05062382673591881,nan,nan,nan,0.9918901198421117,0.9797994544790861,-0.16047332797489805,0.6614411620614354,199129.28304170907,9.994469255567378,326,99,51.205882641640486,True
MX,1234,0k,MX_init_s1234,0,3.994911222500854,3.9948934581451425,15.727243053126267,0.0245,0.504274986154467,0.0245,0.0245,0.41550000000000004,REDISTRIBUTION,14.962980963502513,0.025868616686525712,0.8135676762411895,4.682405028333541,2.3023195370181293,0.005911782875273743,0.8183347928304681,4.346104218583834,17.385453596919582,0.029687128384206823,0.8134327047263674,4.692365660054886,3.994955104454738,8.921803655585308,nan,nan,nan,nan,nan,nan,nan,nan,nan,nan,nan,nan,nan,nan,nan,nan,nan,nan,nan,nan
MX,1234,128k,MX_mx-128k_s1234,128000,0.89571087116967,0.8956990071283374,1.0495797016411719,0.03375,0.6946645217433984,0.0385,0.03375,nan,AMPLITUDE_LOSS,0.1408816266751911,4.469356166718739e-05,0.9963340255323728,4.9229520776282145,0.5508490937119862,2.3985221989397433e-05,0.9255394590536093,3.4103591532163193,0.017908538852788095,5.090519717148579e-05,0.9989398795909578,5.29849907119367,0.8964755007692183,2.7892868878459995,nan,nan,nan,nan,nan,nan,nan,nan,nan,nan,nan,nan,nan,nan,nan,nan,nan,nan,nan,nan
MX,1234,256k,MX_mx-256k_s1234,256000,0.845614291654367,0.8455949581930257,1.3246970026513938,0.03375,0.6946645217433984,0.04225,0.03375,nan,AMPLITUDE_LOSS,0.17723795502216974,0.00020756300273043062,0.9978106409352893,4.977958527887088,0.5441985953216271,3.493731429095265e-05,0.9679836151794782,3.177636304164111,0.0671651158940341,0.00025934348691935145,0.9987733803370671,5.067953487232308,0.8462339105483382,4.418292314518037,nan,nan,nan,nan,nan,nan,nan,nan,nan,nan,nan,nan,nan,nan,nan,nan,nan,nan,nan,nan
MX,1234,384k,MX_mx-384k_s1234,384000,0.7888819205206381,0.7888595508073015,1.1717591607792293,0.035,0.7203928373635243,0.04425,0.035,nan,AMPLITUDE_LOSS,0.19215092335634515,0.00023417614765537236,0.9985407983010477,5.625450977741263,0.6181077697841412,1.9165768301794025e-05,0.974414432516687,4.383980038498107,0.06343283081365245,0.0002991492221331519,0.9992906385147673,5.678963744524041,0.7894290275733854,4.2445666442467465,nan,nan,nan,nan,nan,nan,nan,nan,nan,nan,nan,nan,nan,nan,nan,nan,nan,nan,nan,nan
MX,1234,512k,MX_mx-512k_s1234,512000,0.699385727002755,0.6993517395378789,1.0327900658243074,0.07875,1.6208838840679296,0.06775,0.07875,nan,AMPLITUDE_LOSS,0.27419239736225137,1.0306491399781154e-05,0.996799292213541,4.787187829507855,0.5525304476800815,8.082264269839676e-06,0.9765350520857612,3.138417701953825,0.05107058308255285,1.2089480078605239e-05,0.9990789865157844,5.439500473211868,0.699994519972966,1.6465033501633175,nan,nan,nan,nan,nan,nan,nan,nan,nan,nan,nan,nan,nan,nan,nan,nan,nan,nan,nan,nan
MX,1234,640k,MX_mx-640k_s1234,640000,0.6749926487043159,0.6749588312455274,1.0423623094628194,0.081,1.6671948521841562,0.0905,0.081,nan,AMPLITUDE_LOSS,0.29079536638172904,1.4836912468707944e-05,0.9974883079657247,4.574361837642444,0.5753974422137733,9.979634442300883e-06,0.9821401050701178,3.7974325830463207,0.055452756083273456,1.8853483628064443e-05,0.9992042367987423,5.039998461516996,0.6755758724047661,1.7499644452563985,nan,nan,nan,nan,nan,nan,nan,nan,nan,nan,nan,nan,nan,nan,nan,nan,nan,nan,nan,nan
FF-B1,1235,0k,FF_init_s1235,0,3.8940347759421408,3.8940170541294705,16.87471228200913,0.0245,0.504274986154467,0.0245,0.0245,0.264,REDISTRIBUTION,14.154735778148693,0.026510198646308672,0.8543204969231352,4.735213769027656,2.179077943735567,0.0044774720650996615,0.8010940053428498,3.6954501665747856,16.446140815672724,0.03072590866212895,0.8553511599681741,4.763794735539878,3.8937729032575152,9.819249138442386,43184477.81409032,55580549.64970022,56759997.75096249,136609589.7119304,-0.001324089014660392,0.16666666666666666,3.163395660358249,nan,0.15262656953284592,nan,0.03701792892556557,34028.57968182007,-0.19642615004625458,0.9996655020208451,964071.2933888045,4.2277938536685555,640,466,281.30463150764746,False
FF-B1,1235,128k,FF_b1-128k_s1235,128000,0.8988423277826804,0.8988305765029947,1.0266487644116076,0.0345,0.7101015111154739,0.04175,0.0345,nan,AMPLITUDE_LOSS,0.1527941998392334,1.2496876864429728e-05,0.20314684132607286,1.6014741540990864,0.6163956054297638,2.303594343359769e-05,0.0956352559822039,1.2810145030594355,0.012992376217467063,9.31875723866182e-06,0.3332380258946518,2.021378364297429,0.899627052819695,0.1883966659832676,88882.31487057944,98562.9193292061,93251.66452557042,76119.67124903791,-0.30233168727153414,0.3333333333333333,0.8564096396440048,nan,-0.264997444190185,nan,0.12553961731249477,1.202751822519573,-0.3370314475759015,0.7149760209785512,198927.2998762995,4.566734058513243,640,326,217.41924791567894,False
FF-B1,1235,256k,FF_b1-256k_s1235,256000,0.8604726137274832,0.8604558878294041,1.024530172749069,0.0345,0.7101015111154739,0.04275,0.0345,nan,AMPLITUDE_LOSS,0.17361253256604617,5.562175934394849e-06,0.24117798113687716,1.6472405435722968,0.6532488046087016,2.713650465897989e-06,0.041922552831119786,1.1224354919908572,0.028975297436665628,6.4211661150256435e-06,0.4438144788542401,2.3096088086615456,0.8612276592442831,0.16443926579211138,78780.8434689347,118507.01323693592,117779.59348461535,91920.93053863723,0.23170325421809101,0.0,1.1667929218717237,nan,-0.08727493350378354,nan,0.15918289183221226,1.4674058496242988,-0.22029490865809573,0.7771469686488304,200079.42102185785,4.6162077507653265,640,308,213.42434306759787,False
FF-B1,1235,320k,FF_sw-320k_s1235,320000,0.8240337683499257,0.824011794774594,1.0315752642869298,0.05625,1.157774202905664,0.04525,0.05625,nan,AMPLITUDE_LOSS,0.2164414703201231,8.44407364088431e-06,0.223801307824381,1.4707868073694517,0.5743888054356014,1.1282108979267986e-06,0.03717349586588525,1.0938804406435925,0.025054403281998712,1.2355714756403213e-05,0.4899147027956855,2.1766520949931984,0.8247548703821744,0.13813131840387274,76252.54951912939,60049.99814151373,49663.403166703836,75879.39199775159,0.37674250711916657,0.0,0.9951062944946624,nan,0.6209044578283819,nan,0.6439022272115312,1.2435942559628108,-0.07958879870659108,0.780032937632275,202466.68247747215,4.6149113053753,640,301,211.23863465983706,False
FF-B1,1235,384k,FF_b1-384k_s1235,384000,0.7724217346764575,0.7723947343859672,1.0458930013052132,0.07825,1.6105925578198792,0.06725,0.07825,nan,AMPLITUDE_LOSS,0.2580091032215647,4.05655795401636e-06,0.22361741215248354,1.6518059428430112,0.5420530809596142,1.6974740571542359e-06,0.05486206850309272,1.1838903432681285,0.032548605470244824,5.929085700808337e-06,0.4245759499230606,2.3054678011541148,0.7730998124876419,0.126891765150863,44889.99813317136,97451.76847947006,116036.44405457313,86881.78196840765,0.7013232796201162,0.0,1.9354374154942673,nan,0.7911595084273445,nan,0.5335938640145729,1.6034051852042805,-0.0909133491019644,0.8628317490895397,202319.1740848241,4.624136204556832,640,297,211.2421442037727,False
FF-B1,1235,512k,FF_b1-512k_s1235,512000,0.6471141594988147,0.6470828358537277,1.0887916807161429,0.10475,2.1560328489665475,0.11375,0.10475,nan,AMPLITUDE_LOSS,0.3650925582786243,4.132564574228292e-06,0.17349757195575366,1.4308118811958406,0.629590345619261,8.730361943359734e-07,0.05971413112686019,1.1623564009625968,0.0569695586294719,7.929706591754957e-06,0.25362688845538994,1.6383495362371367,0.6476803005142848,0.10509832606231422,138371.84294152888,82945.33634935724,77628.35633205937,73061.25556278629,0.7360242299866804,0.0,0.5280066667440386,0.4094534983673195,0.8097662098667927,1.0411486428746708,0.4494176242142044,1.3965548336653186,-0.20428705391309745,0.9069550695585069,203330.26590696888,4.599503550997466,640,283,206.97350890298395,False
FF-B1,1235,640k,FF_b1-640k_s1235,640000,0.5485542463765375,0.5485256317083386,1.0604790458440876,0.151,3.1079805269112044,0.14,0.151,nan,AMPLITUDE_LOSS,0.4362261156379648,3.0453829838859074e-06,0.3605451052823002,2.067570442507,0.6234108605566213,1.0189484804364632e-06,0.1191502579698579,1.4207606389887686,0.06102823394411035,7.107220039122311e-06,0.6292075152780838,2.9601505972015327,0.5490349472540622,0.09639343497313654,58944.8347758376,52347.08897985389,91108.8648692644,43967.73781617102,0.35014808737616276,0.0,0.7459133269840648,0.16399147144587617,0.3069271616377127,0.6557935992435152,0.709911526834537,1.0034909698357162,-0.2348853067974663,0.9013233778001898,199969.54024576338,4.674258129432588,640,268,199.52935885189763,False
FF-LBFGS,1235,0k,FF_init_s1235,0,3.8940347759421408,3.8940170541294705,16.87471228200913,0.0245,0.504274986154467,0.0245,0.0245,0.264,REDISTRIBUTION,14.154735778148693,0.026510198646308672,0.8543204969231352,4.735213769027656,2.179077943735567,0.0044774720650996615,0.8010940053428498,3.6954501665747856,16.446140815672724,0.03072590866212895,0.8553511599681741,4.763794735539878,3.8937729032575152,9.819249138442386,43184477.81409032,55580549.64970022,56759997.75096249,136609589.7119304,-0.001324089014660392,0.16666666666666666,3.163395660358249,nan,0.15262656953284592,nan,0.03701792892556557,34028.57968182007,-0.19642615004625458,0.9996655020208451,964071.2933888045,4.2277938536685555,640,466,281.30463150764746,False
FF-LBFGS,1235,128k,FF_b1-128k_s1235,128000,0.8988423277826804,0.8988305765029947,1.0266487644116076,0.0345,0.7101015111154739,0.04175,0.0345,nan,AMPLITUDE_LOSS,0.1527941998392334,1.2496876864429728e-05,0.20314684132607286,1.6014741540990864,0.6163956054297638,2.303594343359769e-05,0.0956352559822039,1.2810145030594355,0.012992376217467063,9.31875723866182e-06,0.3332380258946518,2.021378364297429,0.899627052819695,0.1883966659832676,88882.31487057944,98562.9193292061,93251.66452557042,76119.67124903791,-0.30233168727153414,0.3333333333333333,0.8564096396440048,nan,-0.264997444190185,nan,0.12553961731249477,1.202751822519573,-0.3370314475759015,0.7149760209785512,198927.2998762995,4.566734058513243,640,326,217.41924791567894,False
FF-LBFGS,1235,256k,FF_b1-256k_s1235,256000,0.8604726137274832,0.8604558878294041,1.024530172749069,0.0345,0.7101015111154739,0.04275,0.0345,nan,AMPLITUDE_LOSS,0.17361253256604617,5.562175934394849e-06,0.24117798113687716,1.6472405435722968,0.6532488046087016,2.713650465897989e-06,0.041922552831119786,1.1224354919908572,0.028975297436665628,6.4211661150256435e-06,0.4438144788542401,2.3096088086615456,0.8612276592442831,0.16443926579211138,78780.8434689347,118507.01323693592,117779.59348461535,91920.93053863723,0.23170325421809101,0.0,1.1667929218717237,nan,-0.08727493350378354,nan,0.15918289183221226,1.4674058496242988,-0.22029490865809573,0.7771469686488304,200079.42102185785,4.6162077507653265,640,308,213.42434306759787,False
FF-LBFGS,1235,320k,FF_sw-320k_s1235,320000,0.8240337683499257,0.824011794774594,1.0315752642869298,0.05625,1.157774202905664,0.04525,0.05625,nan,AMPLITUDE_LOSS,0.2164414703201231,8.44407364088431e-06,0.223801307824381,1.4707868073694517,0.5743888054356014,1.1282108979267986e-06,0.03717349586588525,1.0938804406435925,0.025054403281998712,1.2355714756403213e-05,0.4899147027956855,2.1766520949931984,0.8247548703821744,0.13813131840387274,76252.54951912939,60049.99814151373,49663.403166703836,75879.39199775159,0.37674250711916657,0.0,0.9951062944946624,nan,0.6209044578283819,nan,0.6439022272115312,1.2435942559628108,-0.07958879870659108,0.780032937632275,202466.68247747215,4.6149113053753,640,301,211.23863465983706,False
FF-LBFGS,1235,384k,FF_tr-384k_s1235,384000,0.8315350516528456,0.831512863025277,1.0000298124874407,0.035250000000000004,0.7255385004875495,0.043250000000000004,0.035250000000000004,nan,AMPLITUDE_LOSS,0.17969137334525156,1.557426753654773e-05,0.47366362759895264,2.8114237642099247,0.6481913859062576,3.607069101272319e-05,0.4357392119453386,2.7268667241798528,0.038019192673448714,9.376246336997826e-06,0.631988685056045,3.216194336073896,0.8322586536429544,0.21558549186017326,98861.03355308752,21451.523774617926,30024.742549503226,29209.46973022424,-0.053939966559109105,0.16666666666666666,0.2954598862709543,nan,0.1980438006632007,nan,0.5414041817584293,1.0863704636818332,-0.487954296352327,0.6351051313380075,203292.49687927257,4.558546899606196,640,307,215.15679426947813,False
FF-LBFGS,1235,512k,FF_tr-512k_s1235,512000,0.8407300707994803,0.8407101960920031,1.0027696319056183,0.035250000000000004,0.7255385004875495,0.04275,0.035250000000000004,nan,AMPLITUDE_LOSS,0.1687986397135492,1.6596479964249038e-05,0.4731407166393877,2.8153527899838204,0.6279522662891289,4.462159603756099e-05,0.44253526457067227,2.7438821919963305,0.029952761813260773,8.121817848483351e-06,0.6355969957026828,3.2554941220432867,0.841460647123386,0.2279207619574298,108126.4389691603,16440.869953987054,20175.47280146929,23790.69609390236,0.001452640205367164,0.0,0.22002663105078227,nan,0.18086198248201213,nan,0.4905100520517689,1.0721656804503137,-0.48825526926059604,0.6335393730735752,203740.16647838397,4.5746008442284865,640,304,213.4996239649647,False
FF-LBFGS,1235,623k,FF_tr-623k_s1235,623360,0.8426806073220863,0.8426611696378884,1.0069733243634464,0.035,0.7203928373635243,0.0425,0.035250000000000004,nan,AMPLITUDE_LOSS,0.16518595445188056,1.7682436312917925e-05,0.47161860508405395,2.796726563845137,0.6165131578615013,4.894861795734303e-05,0.4427334085744875,2.7361707854094313,0.02880130135214043,8.23424151075744e-06,0.6397792369840825,3.2117523322297874,0.8434122877840164,0.2294881656577772,106445.06529222353,14929.689562863881,19822.06842234563,23351.1404191628,0.022270114913185226,0.0,0.2193726910219552,nan,0.1853912063361845,nan,0.4678435601487882,1.0396393101743746,-0.500929480606556,0.6246853871371159,204619.66361641293,4.587686689602671,640,300,211.68754271746664,False
MO-ADAM,1235,0k,MO_init_s1235,0,5.352011493068533,5.3519895086011156,25.58492739268927,0.0245,0.504274986154467,0.0245,0.0245,nan,REDISTRIBUTION,27.537679270226967,2.0510892237794405e-28,-4.440892098500626e-16,1.0,4.910184642419163,3.645850946799715e-29,-2.220446049250313e-16,1.0,31.867191343268555,2.373782482943769e-28,-6.661338147750939e-16,1.0,5.356515096856513,5.226038327523226,23562060.855587393,23131387.111317944,36164947.11544757,31168128.15222566,-0.011867627295670249,0.16666666666666666,1.322809933445809,nan,0.30450569663222943,nan,0.3256567868077268,72.47718013708187,0.3089074157493898,0.9933220447604014,290810.90768287174,9.945735019023806,281,50,33.05988153345148,True
MO-ADAM,1235,128k,MO_m0-128k_s1235,128000,0.5038566983493568,0.5038356801996138,1.0779867405867014,0.17500000000000002,3.6019641868176215,0.16425,0.17500000000000002,nan,AMPLITUDE_LOSS,0.4951080995668703,3.6860836218669064e-30,4.440892098500626e-16,1.0,0.6633492243280634,4.93866478660744e-30,0.0,1.0,0.06444696134671758,4.797449167139349e-31,-6.661338147750939e-16,1.0,0.5043008149187492,0.07629426498680894,281657.5429891861,83729.97426546676,100010.85967250145,269942.3098012453,-0.6312872908981382,0.5,0.9584061088383824,0.741456103338923,0.3542873549110521,0.6859526553466473,0.8025709666801866,0.9732142810446234,0.12797117070907674,0.9136494336515898,255228.952026964,9.993861042677874,303,66,40.83988503663481,True
MO-ADAM,1235,256k,MO_m0-256k_s1235,256000,0.3004577324613198,0.30044095470116533,0.918953435369071,0.32225,6.632759766868448,0.3325,0.32225,nan,AMPLITUDE_LOSS,0.6898652321403923,5.135715490169936e-30,6.661338147750939e-16,1.0,0.7500459571077246,5.5835643812957124e-30,-6.661338147750939e-16,1.0,0.1377424462032356,1.0269650957296684e-30,-4.440892098500626e-16,1.0,0.3007217370083625,0.08426994710938407,359281.87100408366,336499.8922703876,191209.36371453604,219705.7371184911,-0.16447152172678806,0.3333333333333333,0.6115135631655455,0.8442647824016036,0.5020460643408262,0.8277987443126804,0.6948027607144249,1.1136560440781555,-0.2114296900298328,0.9489499594001437,223934.46926340467,9.967716732218038,315,81,46.30653658165362,True
MO-ADAM,1235,384k,MO_m0-384k_s1235,384000,0.22861715494858578,0.22859516591181092,0.7416125991645679,0.418,8.603548743370089,0.40625,0.418,nan,AMPLITUDE_LOSS,0.7483353428052901,5.577249500567318e-30,-4.440892098500626e-16,1.0,0.7806450759115288,5.818156597573861e-30,-8.881784197001252e-16,1.0,0.12919983158610376,9.608653858784408e-31,4.440892098500626e-16,1.0,0.2288182144253691,0.04786649343792944,121829.71540803686,42484.341717336225,33564.63452615301,64454.2334896083,0.10244487421518135,0.0,0.5290518267545454,0.04824050508969954,0.4140321982787257,0.4057263875665725,0.9736008925421081,0.9233085811002179,0.00018063314179630753,0.8616527635849082,180804.403541903,9.959918350549762,324,94,50.29409257754947,True
MO-ADAM,1235,512k,MO_m0-512k_s1235,512000,0.3023806426533056,0.3023608456976254,0.8626126566639146,0.36975,7.610435760433232,0.358,0.36975,nan,AMPLITUDE_LOSS,0.6558983509756737,4.879393305654143e-30,-8.881784197001252e-16,1.0,0.6925134544117421,5.151738157176344e-30,1.1102230246251565e-16,1.0,0.16995904746335722,1.2649540430437713e-30,3.3306690738754696e-16,1.0,0.3026460837510295,0.08767249320445394,158539.12888128642,100007.5318292029,150996.8634066299,185670.52000923184,0.0918627447185546,0.0,1.1711337214944666,0.5946874012588115,0.4134554192406861,1.0502619032341762,0.8702415970857257,0.9759686534991882,0.06947760677611178,0.9019440086145017,162923.6208001781,9.983194831358785,326,95,51.83979216419739,True
MO-ADAM,1235,640k,MO_m0-640k_s1235,640000,0.304266663108593,0.3042454299670112,0.8841671082221748,0.3215,6.617322777496373,0.3305,0.3215,nan,AMPLITUDE_LOSS,0.6676569123095656,4.9770962760042864e-30,-8.881784197001252e-16,1.0,0.7297265414892619,5.439774753546301e-30,-2.220446049250313e-16,1.0,0.10196881270583036,7.60352722880104e-31,0.0,1.0,0.30453220164523753,0.04574999376764639,59695.15854419285,65239.47833917961,20178.051663785325,25993.67968223882,-0.008999991597263026,0.3333333333333333,0.4354403324516757,-0.09629915925947118,0.7414826895446286,0.9571900047373876,0.9725478108916814,0.931691898498232,-0.4556108978334428,0.6630824628365944,155375.7327443737,9.966712552324177,325,89,56.07608226233024,True
MO-LBFGS,1235,0k,MO_init_s1235,0,5.352011493068533,5.3519895086011156,25.58492739268927,0.0245,0.504274986154467,0.0245,0.0245,nan,REDISTRIBUTION,27.537679270226967,2.0510892237794405e-28,-4.440892098500626e-16,1.0,4.910184642419163,3.645850946799715e-29,-2.220446049250313e-16,1.0,31.867191343268555,2.373782482943769e-28,-6.661338147750939e-16,1.0,5.356515096856513,5.226038327523226,23562060.855587393,23131387.111317944,36164947.11544757,31168128.15222566,-0.011867627295670249,0.16666666666666666,1.322809933445809,nan,0.30450569663222943,nan,0.3256567868077268,72.47718013708187,0.3089074157493898,0.9933220447604014,290810.90768287174,9.945735019023806,281,50,33.05988153345148,True
MO-LBFGS,1235,128k,MO_m0-128k_s1235,128000,0.5038566983493568,0.5038356801996138,1.0779867405867014,0.17500000000000002,3.6019641868176215,0.16425,0.17500000000000002,nan,AMPLITUDE_LOSS,0.4951080995668703,3.6860836218669064e-30,4.440892098500626e-16,1.0,0.6633492243280634,4.93866478660744e-30,0.0,1.0,0.06444696134671758,4.797449167139349e-31,-6.661338147750939e-16,1.0,0.5043008149187492,0.07629426498680894,281657.5429891861,83729.97426546676,100010.85967250145,269942.3098012453,-0.6312872908981382,0.5,0.9584061088383824,0.741456103338923,0.3542873549110521,0.6859526553466473,0.8025709666801866,0.9732142810446234,0.12797117070907674,0.9136494336515898,255228.952026964,9.993861042677874,303,66,40.83988503663481,True
MO-LBFGS,1235,256k,MO_m0-256k_s1235,256000,0.3004577324613198,0.30044095470116533,0.918953435369071,0.32225,6.632759766868448,0.3325,0.32225,nan,AMPLITUDE_LOSS,0.6898652321403923,5.135715490169936e-30,6.661338147750939e-16,1.0,0.7500459571077246,5.5835643812957124e-30,-6.661338147750939e-16,1.0,0.1377424462032356,1.0269650957296684e-30,-4.440892098500626e-16,1.0,0.3007217370083625,0.08426994710938407,359281.87100408366,336499.8922703876,191209.36371453604,219705.7371184911,-0.16447152172678806,0.3333333333333333,0.6115135631655455,0.8442647824016036,0.5020460643408262,0.8277987443126804,0.6948027607144249,1.1136560440781555,-0.2114296900298328,0.9489499594001437,223934.46926340467,9.967716732218038,315,81,46.30653658165362,True
MO-LBFGS,1235,384k,MO_ml-384k_s1235,384000,0.18671547355769486,0.18657706141997576,0.656620512529455,0.4935,10.157539006825692,0.5045000000000001,0.4935,nan,AMPLITUDE_LOSS,0.8132854574663496,6.048231522923755e-30,2.220446049250313e-16,1.0,0.8332121945410547,6.196418647320871e-30,-2.220446049250313e-16,1.0,0.13882618746036574,1.0325493582790012e-30,-4.440892098500626e-16,1.0,0.18687735266434286,0.04074674984572869,54507.33767250561,7824.375375655961,4510.5248019731425,1073.209294103553,-0.2569286184823725,0.16666666666666666,0.019689262765899083,0.26814432216551043,-0.22658344938594674,0.17536585020168977,0.9920655786941115,0.971885698714599,0.3452046099522526,0.8226838703618166,201378.4216475458,9.995265884053131,324,94,50.56190453607535,True
MO-LBFGS,1235,512k,MO_ml-512k_s1235,512000,0.1020858500052037,0.1018143679221943,0.280730124587731,0.88125,18.138462512188735,0.893,0.88125,nan,AMPLITUDE_LOSS,0.8995837800694086,6.696789834295014e-30,2.220446049250313e-16,1.0,0.900399050562247,6.702854846090103e-30,1.3322676295501878e-15,1.0,0.14161816655532664,1.0580841205261426e-30,0.0,1.0,0.10217330329785229,0.030878534507035246,41388.72695033501,7385.637567182679,3048.0308783633286,3738.9097235198356,-0.45541844943214543,0.8333333333333334,0.09033642730800572,-0.020011370264531505,-0.5127863516135595,0.3002311651130736,0.9932666293517664,0.972998073423073,0.33596967718293186,0.819395540797479,202618.44260604086,9.997360289739495,325,100,52.53886935741896,True
MO-LBFGS,1235,623k,MO_ml-623k_s1235,623360,0.070560784533617,0.07028707958161733,0.127143541702433,1.0,20.582652496100692,1.0,1.0,nan,NOT_COLLAPSED,0.9243944204774273,6.89306278207743e-30,-1.1102230246251565e-15,1.0,0.9243949038423207,6.893066353983212e-30,-1.1102230246251565e-15,1.0,nan,nan,nan,nan,0.07062275450387386,0.024239796721310797,30175.273576509746,4066.941355478757,529.9895130709594,1303.261557581713,-0.10584685566222427,0.3333333333333333,0.043189718041073556,nan,nan,nan,0.9933470870620487,0.9717390945451435,0.16390531553097176,0.7658132405399379,202993.23048804922,9.992223160454515,325,100,53.00412982036424,True
MX,1235,0k,MX_init_s1235,0,3.8940347759495184,3.8940170541368584,16.874712281423456,0.0245,0.504274986154467,0.0245,0.0245,0.264,REDISTRIBUTION,14.154735778148694,0.02651019864630866,0.8543204969231352,4.735213769027656,2.1790779437355674,0.0044774720650996615,0.8010940053428498,3.6954501665747865,16.446140815672724,0.030725908662128938,0.8553511599681742,4.763794735539878,3.8937729032575152,9.819249138442386,nan,nan,nan,nan,nan,nan,nan,nan,nan,nan,nan,nan,nan,nan,nan,nan,nan,nan,nan,nan
MX,1235,128k,MX_mx-128k_s1235,128000,0.9068157370961262,0.9068104922971656,1.1766572826388557,0.0335,0.6895188586193732,0.035250000000000004,0.0335,nan,AMPLITUDE_LOSS,0.141766618562462,0.00011349891914041084,0.9820414951106743,4.526311791404656,0.529459038951056,4.174629428685589e-05,0.6899186524878942,2.473101310579582,0.025761236637099543,0.0001349687498942358,0.9926434511184813,5.038977910215592,0.9075514230448628,1.5021166152933665,nan,nan,nan,nan,nan,nan,nan,nan,nan,nan,nan,nan,nan,nan,nan,nan,nan,nan,nan,nan
MX,1235,256k,MX_mx-256k_s1235,256000,0.850729173059518,0.8507194687886828,1.0730167972143316,0.034,0.6998101848674236,0.0405,0.03375,0.97675,AMPLITUDE_LOSS,0.1496865971200353,0.00011749311072777478,0.9863300797564569,5.231999003476065,0.5820449227824449,4.2620493312395e-05,0.6854891113903737,2.93837748721421,0.019724620124096592,0.00013999896479512767,0.9962888167538815,5.630854664635113,0.8514099507103989,1.3557198772358732,nan,nan,nan,nan,nan,nan,nan,nan,nan,nan,nan,nan,nan,nan,nan,nan,nan,nan,nan,nan
MX,1235,384k,MX_mx-384k_s1235,384000,0.7560875260437396,0.7560635540346691,1.0682320091917392,0.05675,1.1680655291537143,0.06525,0.05675,nan,AMPLITUDE_LOSS,0.22355933624202962,7.487415087408173e-05,0.9867310572860599,4.4275318136366915,0.5680882879090046,1.539444361945214e-05,0.8601842811504261,3.8011664366733755,0.038152012772674215,0.00010688299445446494,0.9964194595631989,4.553062012019277,0.7567031744582765,0.943926462729743,nan,nan,nan,nan,nan,nan,nan,nan,nan,nan,nan,nan,nan,nan,nan,nan,nan,nan,nan,nan
MX,1235,512k,MX_mx-512k_s1235,512000,0.6922087305576556,0.6921771511576706,1.0945762894921385,0.08,1.6466121996880554,0.06825,0.08,nan,AMPLITUDE_LOSS,0.28080488886320165,4.5838095397652814e-05,0.9912069084004432,4.257100461563912,0.5638598486446746,2.9983348744113097e-05,0.9522400378216238,3.583403116331949,0.04934104760160439,5.8803070699590516e-05,0.9963301786512089,4.505612014949732,0.6927836929338753,1.0659144076926983,nan,nan,nan,nan,nan,nan,nan,nan,nan,nan,nan,nan,nan,nan,nan,nan,nan,nan,nan,nan
MX,1235,640k,MX_mx-640k_s1235,640000,0.6233829566146278,0.6233492063593296,1.0629314584185656,0.10325000000000001,2.1251588702223967,0.09175,0.10325000000000001,nan,AMPLITUDE_LOSS,0.3244927840116146,1.1076045714630036e-05,0.9917975713905409,4.526821949275011,0.5587555069837383,3.034243303224932e-06,0.9425927896703067,3.3609971757777974,0.05651447230415974,2.0275241412315646e-05,0.9985990868012211,4.980558022982149,0.62392253945716,0.8635054058637635,nan,nan,nan,nan,nan,nan,nan,nan,nan,nan,nan,nan,nan,nan,nan,nan,nan,nan,nan,nan
FF-B1,1236,0k,FF_init_s1236,0,3.5504554300887285,3.550440332777118,13.229904059134121,0.0245,0.504274986154467,0.0245,0.0245,0.42825,REDISTRIBUTION,11.605430341422364,0.032185966227351905,0.7991619822702427,3.7983395068237455,2.3255464061028084,0.0006859458813438555,0.6550293070710484,4.907389645363711,13.38102990271958,0.03821313453000151,0.8021198961886076,3.77491984806879,3.5488912834498985,7.568704089833974,25752015.73698726,28070666.391514536,34148355.42611732,41648495.589840285,-0.07875895004408832,0.16666666666666666,1.6172907012487234,nan,0.2293161551076764,nan,-0.04833200861952167,15911.367222757106,-0.24772661550839956,0.9993553274173586,635143.7932761966,4.054887405151146,640,466,281.53417642004234,False
FF-B1,1236,128k,FF_b1-128k_s1236,128000,0.8306429388966048,0.8306257759524919,0.9986200499166255,0.05425,1.1166088979134625,0.045,0.05425,nan,AMPLITUDE_LOSS,0.19152867686108951,6.197082409675063e-06,0.23504628297400176,1.5681231400209232,0.5243686495331611,1.3685333020379113e-06,0.029465431791472985,1.0705212567510907,0.02047567435952186,8.678568680560415e-06,0.6581341389628297,2.72252650729204,0.8313715698381726,0.15253837056363506,112658.22510796697,88141.46866142402,123717.46419217323,72777.7784184411,0.7479249763438085,0.0,0.6460050151570726,nan,0.7507623102383346,nan,0.7306309712201422,1.989681837780996,0.2811662482294534,0.9038693602952602,211367.26338685668,4.8138824483939695,640,250,184.26392077992094,False
FF-B1,1236,256k,FF_b1-256k_s1236,256000,0.6839532184399648,0.6839287533979838,0.9901674436450144,0.10375000000000001,2.135450196470447,0.09275,0.10375000000000001,nan,AMPLITUDE_LOSS,0.3398323545632801,6.002223377856404e-06,0.33601313225526164,1.9633539611445538,0.6016591640847929,1.1121297123797788e-06,0.12136159908928379,1.2728886051825659,0.03823074193857887,1.1635184105174141e-05,0.45853997392298396,2.4143823748150415,0.6845517649638037,0.12121403003611253,60878.78258585569,90530.75724655026,68288.61295804052,138023.28482962292,0.7093606962283624,0.0,2.2671820783369383,0.19682316674776018,0.6378476465464618,0.8313009411496903,0.7951078338452967,1.7225097021893092,0.22866432379116175,0.9305785762735483,203930.2790809398,4.846766428473668,640,245,180.00148384720657,False
FF-B1,1236,320k,FF_sw-320k_s1236,320000,0.6332808027134167,0.6332526946522102,0.9625011254135594,0.105,2.1611785120905727,0.1145,0.105,nan,AMPLITUDE_LOSS,0.36508709944679735,2.4460829174401687e-06,0.27624488376764567,1.7450102404243002,0.6293044497566004,6.145159904250301e-07,0.07728325219206922,1.2347582875521768,0.05659157334859426,4.58458821268703e-06,0.38190621946708114,2.0496697696518695,0.6338367342328897,0.10108814913206156,105780.31046736878,80694.63451158867,50204.013899947684,34061.75432125025,0.20940060944619382,0.0,0.32200467337215516,0.43402859552723394,0.686604790169958,0.9018916752188831,0.6233464188257245,1.002654211351898,-0.28351663086184103,0.8659762696428348,193617.088871175,4.8662268369957795,640,245,180.7746817115756,False
FF-B1,1236,384k,FF_b1-384k_s1236,384000,0.558397348654659,0.5583697234021787,0.9615924303485949,0.12875,2.650016508872964,0.13875,0.12875,nan,AMPLITUDE_LOSS,0.432820805710819,2.2283712014227014e-06,0.41341341484880056,2.2261989629448213,0.6638173452127416,1.3491788902332043e-06,0.17933920496366706,1.4639445903173278,0.0706102338382757,3.606975186177382e-06,0.6138460703767546,3.106047915291571,0.5588869118504411,0.08712071163280066,68796.43062197839,29253.780709356968,38021.57835266227,38340.83639704469,0.3773799993759338,0.0,0.5573085122354581,0.6369818924948513,0.4348576783809963,0.6876842440872813,0.8873744707070709,1.1255992894296258,-0.18920858995207823,0.8616848285515923,192272.94243889095,4.898866831489257,640,240,177.07544481915045,False
FF-B1,1236,512k,FF_b1-512k_s1236,512000,0.46860912799712284,0.4685887649328874,0.9827449925692283,0.17675,3.637983828685797,0.187,0.17675,nan,AMPLITUDE_LOSS,0.5167456957535372,1.1840502317605153e-06,0.2987530492215723,1.946215220752385,0.6744266969719181,3.4068895753925976e-07,0.17804680428466024,1.5796327507399128,0.10482620374765843,3.3872132315535045e-06,0.35198374085795525,2.1176216040590177,0.4690210055175062,0.104230386438354,59011.92891976482,89344.87457361446,71838.33105314312,96671.31398145098,0.12541109494709632,0.0,1.6381656344921294,0.5243299914593746,0.4852375678785896,1.0078794545403607,0.7581902570193343,1.210944213873894,-0.4439807276251427,0.880994897799502,187933.41376692976,5.012739797719857,640,224,170.75840879774532,False
FF-B1,1236,640k,FF_b1-640k_s1236,640000,0.401820662373692,0.4018028654870644,0.9788016738190045,0.24775,5.099352155908947,0.23600000000000002,0.24775,nan,AMPLITUDE_LOSS,0.5815808132813535,1.24659698934853e-06,0.19977565221870774,1.4007291452191593,0.6796207926980685,5.070386925780132e-07,0.1762094915152853,1.3771503019962033,0.09454904806863615,4.920489873626771e-06,0.22295849508695376,1.4241441270958426,0.4021733602343937,0.09492497019958873,128869.4221048981,112072.75027091183,103332.4822698547,88833.79612587305,0.7805435275137164,0.0,0.6893318420685044,0.7296189878427088,0.876013092420899,1.2132952730375373,0.8196585356273526,1.6556456410321252,0.08036349815953281,0.9514229059412275,188992.48338042045,5.124180972273997,640,205,161.97940199936642,False
FF-LBFGS,1236,0k,FF_init_s1236,0,3.5504554300887285,3.550440332777118,13.229904059134121,0.0245,0.504274986154467,0.0245,0.0245,0.42825,REDISTRIBUTION,11.605430341422364,0.032185966227351905,0.7991619822702427,3.7983395068237455,2.3255464061028084,0.0006859458813438555,0.6550293070710484,4.907389645363711,13.38102990271958,0.03821313453000151,0.8021198961886076,3.77491984806879,3.5488912834498985,7.568704089833974,25752015.73698726,28070666.391514536,34148355.42611732,41648495.589840285,-0.07875895004408832,0.16666666666666666,1.6172907012487234,nan,0.2293161551076764,nan,-0.04833200861952167,15911.367222757106,-0.24772661550839956,0.9993553274173586,635143.7932761966,4.054887405151146,640,466,281.53417642004234,False
FF-LBFGS,1236,128k,FF_b1-128k_s1236,128000,0.8306429388966048,0.8306257759524919,0.9986200499166255,0.05425,1.1166088979134625,0.045,0.05425,nan,AMPLITUDE_LOSS,0.19152867686108951,6.197082409675063e-06,0.23504628297400176,1.5681231400209232,0.5243686495331611,1.3685333020379113e-06,0.029465431791472985,1.0705212567510907,0.02047567435952186,8.678568680560415e-06,0.6581341389628297,2.72252650729204,0.8313715698381726,0.15253837056363506,112658.22510796697,88141.46866142402,123717.46419217323,72777.7784184411,0.7479249763438085,0.0,0.6460050151570726,nan,0.7507623102383346,nan,0.7306309712201422,1.989681837780996,0.2811662482294534,0.9038693602952602,211367.26338685668,4.8138824483939695,640,250,184.26392077992094,False
FF-LBFGS,1236,256k,FF_b1-256k_s1236,256000,0.6839532184399648,0.6839287533979838,0.9901674436450144,0.10375000000000001,2.135450196470447,0.09275,0.10375000000000001,nan,AMPLITUDE_LOSS,0.3398323545632801,6.002223377856404e-06,0.33601313225526164,1.9633539611445538,0.6016591640847929,1.1121297123797788e-06,0.12136159908928379,1.2728886051825659,0.03823074193857887,1.1635184105174141e-05,0.45853997392298396,2.4143823748150415,0.6845517649638037,0.12121403003611253,60878.78258585569,90530.75724655026,68288.61295804052,138023.28482962292,0.7093606962283624,0.0,2.2671820783369383,0.19682316674776018,0.6378476465464618,0.8313009411496903,0.7951078338452967,1.7225097021893092,0.22866432379116175,0.9305785762735483,203930.2790809398,4.846766428473668,640,245,180.00148384720657,False
FF-LBFGS,1236,320k,FF_sw-320k_s1236,320000,0.6332808027134167,0.6332526946522102,0.9625011254135594,0.105,2.1611785120905727,0.1145,0.105,nan,AMPLITUDE_LOSS,0.36508709944679735,2.4460829174401687e-06,0.27624488376764567,1.7450102404243002,0.6293044497566004,6.145159904250301e-07,0.07728325219206922,1.2347582875521768,0.05659157334859426,4.58458821268703e-06,0.38190621946708114,2.0496697696518695,0.6338367342328897,0.10108814913206156,105780.31046736878,80694.63451158867,50204.013899947684,34061.75432125025,0.20940060944619382,0.0,0.32200467337215516,0.43402859552723394,0.686604790169958,0.9018916752188831,0.6233464188257245,1.002654211351898,-0.28351663086184103,0.8659762696428348,193617.088871175,4.8662268369957795,640,245,180.7746817115756,False
FF-LBFGS,1236,384k,FF_tr-384k_s1236,384000,0.5985606344029007,0.5985264571011882,0.9554207708881697,0.10475,2.1560328489665475,0.1125,0.10475,nan,AMPLITUDE_LOSS,0.397986288375888,6.858200257897237e-06,0.3813645280525786,2.2269719378717525,0.6792365442167716,9.574584852803602e-06,0.3787583030220496,2.2592262071617895,0.07034773474905241,3.6937859994695403e-06,0.3888599270572056,2.124356007219831,0.5990816974684463,0.11324081282928167,71752.3718756432,6780.7777025508985,5530.316245364244,7127.796164978887,-0.16998545958794667,0.5,0.09933882293580962,0.3962783240098193,-0.41894052420742833,1.0930975448822986,0.9313479402990934,0.8799139697440144,-0.34982165126312526,0.7352740241647127,194499.5423619929,4.785824582433619,640,255,185.12938179715826,False
FF-LBFGS,1236,512k,FF_tr-512k_s1236,512000,0.5829731969196352,0.5829345712968664,0.9481899947293154,0.10575,2.1766155014626483,0.1145,0.10575,nan,AMPLITUDE_LOSS,0.41591529337060373,9.812133809248048e-06,0.3931526461129372,2.246306063706784,0.704175227137593,1.5151698238375263e-05,0.4019430380508494,2.290430651884782,0.07746185476878455,3.542813206632295e-06,0.3691562691218885,2.1150593634497743,0.5834771095803523,0.1165672448657733,78610.97344402294,7183.832347874848,8704.148239064045,7315.73909896331,-0.2916820683901463,0.5,0.09306256847426879,0.44741475992781393,-0.12932689506720185,0.9253707793180701,0.9297874746404434,0.8734772064818632,-0.24718820670958194,0.775113220205991,195265.78820685938,4.790423681415421,640,254,183.8818637226191,False
FF-LBFGS,1236,623k,FF_tr-623k_s1236,623360,0.578285866689014,0.5782461043892357,0.9525890888677084,0.12275,2.5265205938963597,0.11475,0.12225,nan,AMPLITUDE_LOSS,0.4236546128571155,1.1544183751646465e-05,0.3795535611089591,2.165277658969054,0.6705003694300127,1.70501480826295e-05,0.366727777073361,2.1363009579625256,0.07579535812623858,3.7850848092876675e-06,0.44161037743265097,2.3232823656558423,0.5787838685676429,0.11641252488134851,79578.67911299109,5731.449091875342,8448.673036983037,6796.000654425197,-0.3267358769020674,0.5,0.08539976700010043,0.4967546331590041,0.054350742593125494,0.5683786550348663,0.9335012686538113,0.877323798755473,-0.25178482239279126,0.7698528045883218,195506.31750479163,4.80083854575381,640,252,183.14603728916208,False
MO-ADAM,1236,0k,MO_init_s1236,0,4.284314948348245,4.28429544199384,17.570067297811182,0.0245,0.504274986154467,0.0245,0.0245,nan,REDISTRIBUTION,17.481184965105427,1.301050452510423e-28,2.220446049250313e-16,1.0,0.6916064127006865,5.178524300527475e-30,0.0,1.0,20.693678625565035,1.5400830496206836e-28,0.0,1.0,4.287835235621103,4.146359069403386,17813645.496187467,24919717.394965738,21010340.046534747,21091679.146929108,0.0827664487312898,0.0,1.184018125399611,nan,0.41196598491384956,nan,-0.2985717458335615,61.2605998017833,-0.3158756270996801,0.9838618468069992,274099.7299140415,9.991470448887515,304,66,37.5593230220385,True
MO-ADAM,1236,128k,MO_m0-128k_s1236,128000,0.44049833555451007,0.4404693905641304,0.9651703227595805,0.2,4.116530499220139,0.189,0.2,nan,AMPLITUDE_LOSS,0.5429852349386216,4.043201200132873e-30,2.220446049250313e-16,1.0,0.6847311079009544,5.098429997408413e-30,4.440892098500626e-16,1.0,0.08114745891181654,6.050445134638869e-31,-1.3322676295501878e-15,1.0,0.4408857902707915,0.05731531598618601,104074.84361519509,118891.09236865726,148874.22458337664,42787.96496366133,-0.06392415783196656,0.5,0.4111268725213268,0.7350475384217248,0.3698985279606184,0.3338220402014713,0.9347267770153338,0.9613394314609631,-0.2982919624240942,0.8357131630929004,227220.49793081108,9.997690792030282,327,84,45.35147947161778,True
MO-ADAM,1236,256k,MO_m0-256k_s1236,256000,0.2652001629741336,0.26517224588575566,0.7991952756280745,0.34750000000000003,7.152471742394991,0.35825,0.34750000000000003,nan,AMPLITUDE_LOSS,0.7026533916273325,5.226515422227363e-30,0.0,1.0,0.7519505077917841,5.593041675651511e-30,2.220446049250313e-16,1.0,0.15167113205866134,1.1299377922259014e-30,6.661338147750939e-16,1.0,0.2654324948552054,0.052004806415536925,167830.8652194529,23746.727720525203,78203.3460364344,169731.32542304473,0.01636172721754721,0.0,1.0113236632672233,0.2914495627266497,0.18104346356340204,0.31505025000485265,0.9355794010492229,0.9873041076795968,-0.3235777679225561,0.8844220891730281,198042.46768587717,9.962325644533422,346,101,52.533426725492134,True
MO-ADAM,1236,384k,MO_m0-384k_s1236,384000,0.23342061058531954,0.2333970959352521,0.7061492204410748,0.419,8.62413139586619,0.43025,0.419,nan,AMPLITUDE_LOSS,0.7282773642294555,5.428474129190092e-30,-1.3322676295501878e-15,1.0,0.7565028820525167,5.639040291110402e-30,-2.220446049250313e-16,1.0,0.18222967044263957,1.3548848392822047e-30,-4.440892098500626e-16,1.0,0.23362643173837092,0.056488869957476685,150322.89796946364,32908.866271934174,163289.0791315479,179744.53795662432,0.0013954734038104594,0.0,1.19572294297531,0.4334876068285683,0.11368590801950045,0.3322546704599417,0.9225565544201842,1.019138022019898,-0.10053345128914315,0.935554577868231,184684.19329976809,9.98849877267195,350,106,55.57353668700696,True
MO-ADAM,1236,512k,MO_m0-512k_s1236,512000,0.27144255441107534,0.2714151730993932,0.7541028667778082,0.34625,7.126743426774865,0.3575,0.34625,nan,AMPLITUDE_LOSS,0.6888076156556063,5.125409641618501e-30,-1.1102230246251565e-15,1.0,0.7376132481676929,5.488241512326725e-30,0.0,1.0,0.1482344315145314,1.106668984829895e-30,8.881784197001252e-16,1.0,0.27168135054096243,0.036098562982813547,52522.16926445306,48443.61434865265,72024.04319540826,43858.14607638424,0.1654959304776478,0.0,0.835040644562017,0.49830308660751665,0.36077096697016064,0.8702250107374199,0.9760557039096046,1.0204209414058636,-0.30391929849757027,0.8352553488982354,170364.33919550688,9.958570804250265,352,107,58.41721339773468,True
MO-ADAM,1236,640k,MO_m0-640k_s1236,640000,0.32949675291156916,0.3294802097491327,0.8263162822707448,0.296,6.092465138845805,0.28475,0.296,nan,AMPLITUDE_LOSS,0.6122331796123983,4.558679658342279e-30,6.661338147750939e-16,1.0,0.6784491009459238,5.0517823873957775e-30,0.0,1.0,0.12190050305956893,9.072258073197511e-31,-4.440892098500626e-16,1.0,0.32978730514474675,0.07070273724257407,195532.32210174517,28275.60339269737,29852.50446711166,24417.80644592143,-0.4830334663029743,0.5,0.12487861947047114,0.3597761909209501,-0.03718006441383976,0.123680255175766,0.9723806098460859,0.9575637860786239,0.10786682511983006,0.8174900613807332,150751.81194821082,9.994972225634402,350,104,60.57341593028228,True
MO-LBFGS,1236,0k,MO_init_s1236,0,4.284314948348245,4.28429544199384,17.570067297811182,0.0245,0.504274986154467,0.0245,0.0245,nan,REDISTRIBUTION,17.481184965105427,1.301050452510423e-28,2.220446049250313e-16,1.0,0.6916064127006865,5.178524300527475e-30,0.0,1.0,20.693678625565035,1.5400830496206836e-28,0.0,1.0,4.287835235621103,4.146359069403386,17813645.496187467,24919717.394965738,21010340.046534747,21091679.146929108,0.0827664487312898,0.0,1.184018125399611,nan,0.41196598491384956,nan,-0.2985717458335615,61.2605998017833,-0.3158756270996801,0.9838618468069992,274099.7299140415,9.991470448887515,304,66,37.5593230220385,True
MO-LBFGS,1236,128k,MO_m0-128k_s1236,128000,0.44049833555451007,0.4404693905641304,0.9651703227595805,0.2,4.116530499220139,0.189,0.2,nan,AMPLITUDE_LOSS,0.5429852349386216,4.043201200132873e-30,2.220446049250313e-16,1.0,0.6847311079009544,5.098429997408413e-30,4.440892098500626e-16,1.0,0.08114745891181654,6.050445134638869e-31,-1.3322676295501878e-15,1.0,0.4408857902707915,0.05731531598618601,104074.84361519509,118891.09236865726,148874.22458337664,42787.96496366133,-0.06392415783196656,0.5,0.4111268725213268,0.7350475384217248,0.3698985279606184,0.3338220402014713,0.9347267770153338,0.9613394314609631,-0.2982919624240942,0.8357131630929004,227220.49793081108,9.997690792030282,327,84,45.35147947161778,True
MO-LBFGS,1236,256k,MO_m0-256k_s1236,256000,0.2652001629741336,0.26517224588575566,0.7991952756280745,0.34750000000000003,7.152471742394991,0.35825,0.34750000000000003,nan,AMPLITUDE_LOSS,0.7026533916273325,5.226515422227363e-30,0.0,1.0,0.7519505077917841,5.593041675651511e-30,2.220446049250313e-16,1.0,0.15167113205866134,1.1299377922259014e-30,6.661338147750939e-16,1.0,0.2654324948552054,0.052004806415536925,167830.8652194529,23746.727720525203,78203.3460364344,169731.32542304473,0.01636172721754721,0.0,1.0113236632672233,0.2914495627266497,0.18104346356340204,0.31505025000485265,0.9355794010492229,0.9873041076795968,-0.3235777679225561,0.8844220891730281,198042.46768587717,9.962325644533422,346,101,52.533426725492134,True
MO-LBFGS,1236,384k,MO_ml-384k_s1236,384000,0.13942439857101183,0.13938425732622048,0.5166029488412687,0.6365000000000001,13.100858313768093,0.62475,0.6365000000000001,nan,AMPLITUDE_LOSS,0.8869011313347087,6.599722384029738e-30,-2.220446049250313e-16,1.0,0.8943301987546569,6.655012712156152e-30,0.0,1.0,0.14527292002007888,1.0802049488686254e-30,7.771561172376096e-16,1.0,0.13954471589654763,0.02489751352761008,49015.07419146958,2560.0334620624244,2505.1910195451196,824.7048890668731,-0.243050700416964,0.6666666666666666,0.01682553587178701,0.015219831334686889,-0.7847778687021411,0.3085736691266532,0.9919802770619113,0.9918427060409466,-0.3917019507552666,0.6890703928012508,194502.56460382394,9.93605729766014,351,110,56.93637197574419,True
MO-LBFGS,1236,512k,MO_ml-512k_s1236,512000,0.10421734618425237,0.10414535634856928,0.2539754591500231,1.0,20.582652496100692,1.0,1.0,nan,NOT_COLLAPSED,0.9072827498450469,6.744409601446139e-30,3.3306690738754696e-16,1.0,0.9072837427393005,6.744417008008058e-30,3.3306690738754696e-16,1.0,nan,nan,nan,nan,0.10430877270882352,0.026174561886707002,49803.48222545956,1617.6501890489628,1509.4183976265672,889.9493458791022,-0.5006054198273614,0.16666666666666666,0.01786921930178127,nan,nan,nan,0.9917980476037584,0.9920484777079396,-0.42233951763120753,0.6819116399774506,194204.18873491025,9.976301957220812,352,111,57.623417055238285,True
MO-LBFGS,1236,623k,MO_ml-623k_s1236,623360,0.0934426145195093,0.09337362064071933,0.21719068709283396,1.0,20.582652496100692,1.0,1.0,nan,NOT_COLLAPSED,0.9163299934883049,6.813867244731021e-30,0.0,1.0,0.9163306553643235,6.813872240144444e-30,0.0,1.0,nan,nan,nan,nan,0.09352472796091056,0.02405507681718828,46989.22583879694,547.8432194607631,1182.2800450769357,596.6183304791123,-0.6721971206218484,0.5,0.012696917640777787,nan,nan,nan,0.9921091937457117,0.9912828388460526,-0.41500702888673413,0.6844592791041303,194130.64752288576,9.9807642952832,352,111,57.81684339947054,True
MX,1236,0k,MX_init_s1236,0,3.5504554298206807,3.5504403325090377,13.229904060674706,0.0245,0.504274986154467,0.0245,0.0245,0.42825,REDISTRIBUTION,11.605430341422364,0.032185966227351905,0.7991619822702427,3.798339506823745,2.325546406102808,0.0006859458813438558,0.6550293070710484,4.907389645363712,13.381029902719584,0.03821313453000151,0.8021198961886076,3.7749198480687896,3.5488912834498985,7.5687040898339735,nan,nan,nan,nan,nan,nan,nan,nan,nan,nan,nan,nan,nan,nan,nan,nan,nan,nan,nan,nan
MX,1236,128k,MX_mx-128k_s1236,128000,0.8965267721777159,0.8965172478089456,1.0535224603030582,0.0335,0.6895188586193732,0.035,0.0335,nan,AMPLITUDE_LOSS,0.1318536637251957,4.324836499180795e-05,0.9949466067679654,4.798992212813989,0.5283339415353125,4.42802844229039e-05,0.9183380110074502,2.771507043772726,0.013218777835150054,4.293959391085545e-05,0.99901010608089,5.414265056541724,0.8972928515003823,2.385707416646394,nan,nan,nan,nan,nan,nan,nan,nan,nan,nan,nan,nan,nan,nan,nan,nan,nan,nan,nan,nan
MX,1236,256k,MX_mx-256k_s1236,256000,0.7981112680311773,0.7980889126301237,1.1172329690441525,0.05625,1.157774202905664,0.04475,0.05625,nan,AMPLITUDE_LOSS,0.2077792727919578,9.482160781017722e-05,0.9966728865502916,6.010047343578702,0.5234705872439807,5.430616864434098e-05,0.9768332338002266,4.290557097344451,0.038985629607295215,0.00011648437858959765,0.998503896131061,6.172808703266017,0.7987541367776713,2.4524990063155605,nan,nan,nan,nan,nan,nan,nan,nan,nan,nan,nan,nan,nan,nan,nan,nan,nan,nan,nan,nan
MX,1236,384k,MX_mx-384k_s1236,384000,0.7434910872841828,0.7434672439508802,1.1027256885379044,0.05675,1.1680655291537143,0.06575,0.05675,nan,AMPLITUDE_LOSS,0.2310192285892739,0.0001387324265737127,0.9941151902717272,3.914844489405099,0.5550963108603533,1.58692126841312e-05,0.9648313089477069,2.405090609985922,0.05661802331779682,0.00020485093281213582,0.9972923414451726,4.03437560698307,0.7440533853587116,1.6052923838591675,nan,nan,nan,nan,nan,nan,nan,nan,nan,nan,nan,nan,nan,nan,nan,nan,nan,nan,nan,nan
MX,1236,512k,MX_mx-512k_s1236,512000,0.6828188015857561,0.6827867307052549,1.066131974810472,0.08025,1.6517578628120806,0.0895,0.08025,nan,AMPLITUDE_LOSS,0.2865396997613228,6.38722408108231e-05,0.993880354813478,5.113371324357516,0.5650806842174629,1.0660532589784389e-05,0.9764607886719382,3.9571080026224306,0.05804272654600098,0.00010752367793008401,0.9970199682117438,5.211768180384393,0.6833731703244612,1.309992217256608,nan,nan,nan,nan,nan,nan,nan,nan,nan,nan,nan,nan,nan,nan,nan,nan,nan,nan,nan,nan
MX,1236,640k,MX_mx-640k_s1236,640000,0.6278739886158657,0.6278380386676738,1.0985600941702276,0.10350000000000001,2.130304533346422,0.0925,0.10350000000000001,nan,AMPLITUDE_LOSS,0.3336203000124556,5.606873966930053e-05,0.9937708673728103,4.718413711285789,0.5660769878811532,2.7910951359717532e-05,0.9844387536163168,3.9713197536958114,0.06675071613095228,8.839500792210481e-05,0.9964466063575927,4.922023665294463,0.6283788761609305,1.1841238496442967,nan,nan,nan,nan,nan,nan,nan,nan,nan,nan,nan,nan,nan,nan,nan,nan,nan,nan,nan,nan
