arm,seed,experiment_id,L2_paper,L2_late_paper,RMSE_paper,maxerr_paper,L2_exact,L2_late_exact,RMSE_exact,maxerr_exact,collapse_time_s,persistence_cycles,collapse_time_vel_s,persistence_cycles_vel,full_window_cycles,amplitude_ratio,max_ut_ratio,fit_w,fit_decay,frequency_error_exact,phase_error_exact,amplitude_error_exact,PDE_residual_rel,L2_q,err_frequency,err_decay,err_phase,err_amplitude,err_non_damped_cosine,envelope_error_precollapse,local_frequency_error_precollapse,phase_drift_at_collapse_rad,local_decay_precollapse,pde_evaluations,train_seconds,optimizer_steps_or_evals,parameters,peak_rss_mb,IC_error_max,BC_error_max,optimizer_steps,lbfgs_closure_evals,switch_pde_evaluations,lbfgs_stop_reason,forward_passes,backward_passes,decay_error,passes_persistence_gate,CF_AUC,CF_regressions
M0,1234,B2-E02-M0-s1234,0.27046512786560445,0.8238974567969293,0.0036209840036318707,0.014014516103973734,0.27045179475499953,0.8239631351578014,0.003620789815512794,0.014013848467178198,0.37025,7.620727086681282,0.3815,7.852281927262414,20.582652496100692,0.8347055902608514,1.0034805560540925,129.27810920504749,5.400926001450649,0.00035964181705592244,0.03343820737923764,0.02682092691930003,0.07426496041865221,0.2706893950875412,0.009143003799556237,0.26618517522090956,0.033346837021413035,0.02682092691930011,0.071361195357252,0.2509900419685567,0.03984038129086914,-0.025191980081934233,5.2187074490372005,640000,236.45694477602683,5000,241601,704.30859375,4.808604019737031e-06,2.8193239742790865e-05,5000,0,,,5000,5000,1.8609260014506486,False,0.3028,0
M0,1235,B2-E02-M0-s1235,0.30424542996701126,0.8841467771690592,0.004073234297458389,0.014391860512963595,0.304266663108593,0.8841671082221748,0.004073500920863422,0.0143920901444783,0.3215,6.617322777496373,0.3305,6.802566649961279,20.582652496100692,0.81700440904613,0.9942830658409306,129.04753372859076,5.888290810002816,0.0021425620136053354,0.01219643739004539,0.049623381511785206,0.04575001464190926,0.3045321506815168,0.05443711668187688,0.3135388093992397,0.01216007128651072,0.049623381511785164,0.05336070011889904,0.2588882170674972,0.011509029338704901,0.03932972790208407,5.8861437485564165,640000,233.102996591997,5000,241601,704.31640625,4.808604019737031e-06,1.4096619871395433e-05,5000,0,,,5000,5000,2.3482908100028164,False,0.32130000000000003,0
M0,1236,B2-E02-M0-s1236,0.3294802097491329,0.8263092054669806,0.0044110772373128744,0.016583029284686378,0.32949675291156916,0.8263162822707447,0.004411279608136861,0.016583830120963386,0.296,6.092465138845805,0.28475,5.860910298264672,20.582652496100692,0.7823489358792934,0.9774164505998967,129.3462466657015,6.051770636038566,0.00016722971589496356,0.03807735526838307,0.015969134284112344,0.0707025813569818,0.32978724065155807,0.00425141619797442,0.3280483662511398,0.03793576948231164,0.015969134284112306,0.058138216136005824,0.2890542675882437,0.025385160472704782,0.05811185398012757,5.969881770797111,640000,233.04602162901028,5000,241601,704.87890625,4.808604019737031e-06,1.4096619871395433e-05,5000,0,,,5000,5000,2.511770636038566,False,0.32175000000000004,2
LBFGS,1234,B2-E02-LBFGS-s1234,0.03805888644378749,0.14659947901945822,0.0005095319315156784,0.0019455053326055335,0.03815457504289239,0.14711532207750813,0.0005108107966363184,0.0019473544658836425,1.0,20.582652496100692,1.0,20.582652496100692,20.582652496100692,0.9737374052849416,0.9947742574193478,129.29656004829215,3.698296952839506,0.00021697104577615513,0.005060798577641634,0.005189607159266133,0.01013481317723984,0.03818789085558681,0.005515999846112337,0.03017236637627512,0.005044546567491977,0.005189607159266083,0.014510413693232459,0.10041650136937924,0.0007684913818540307,0.19265260012773394,3.8098461190614503,623360,216.38925512099195,2974,241601,915.625,4.808604019737031e-06,2.8193239742790865e-05,2500,474,320000,budget,2974,2974,0.15829695283950596,True,0.51,0
LBFGS,1235,B2-E02-LBFGS-s1235,0.07028707958161735,0.1262095145487712,0.0009410026084897098,0.004907988824162185,0.07056078453361701,0.1271435417024327,0.0009446628751173788,0.0049103744849904735,1.0,20.582652496100692,1.0,20.582652496100692,20.582652496100692,0.9614472661698877,0.9610903383423146,129.26485157470307,3.6221729730741905,0.00046215617488215956,0.049620048222247526,0.028880828333704565,0.024239161713693544,0.0706227907145257,0.011749063405849155,0.015898791474134435,0.0494257114357689,0.028880828333704554,0.009086289314287888,0.08145460528688303,0.00045881118501711615,0.09186335327853266,3.699334313724189,623360,216.5186994370224,2974,241601,909.23046875,4.808604019737031e-06,2.8193239742790865e-05,2500,474,320000,budget,2974,2974,0.08217297307419047,True,0.5744,0
LBFGS,1236,B2-E02-LBFGS-s1236,0.09337362064071932,0.21697448224106397,0.0012500849531672017,0.007008354061937824,0.09344261451950929,0.21719068709283412,0.0012510032233050015,0.007012207654119557,1.0,20.582652496100692,1.0,20.582652496100692,20.582652496100692,0.9572524435053457,0.9997753759011251,129.2100733531709,4.101247050247458,0.0008857276621954618,0.0050936100784131355,0.028877329046916964,0.02405508440440737,0.09352473607231103,0.02251560302243937,0.0991734600880664,0.005077956024612386,0.028877329046916908,0.03985442001698593,0.16985654170473477,0.0004407028875943464,0.015570333684862022,3.781060199623902,623360,211.37534986902756,2974,241601,916.23828125,4.808604019737031e-06,2.8193239742790865e-05,2500,474,320000,budget,2974,2974,0.5612470502474576,True,0.6368,0
CAUSAL,1234,B2-E02-CAUSAL-s1234,0.8656061381321777,4.102040383373467,0.011588724965606834,0.04620734548467255,0.8656398880604984,4.10199731172449,0.011589126607314362,0.046204904595431924,0.20125,4.142258814840265,0.187,3.8489560167708294,20.582652496100692,1.023674773169148,0.9977422657103033,-127.90406382830996,8.446531143617838,1.9890155801674878,0.01851099851600857,0.11298748221049681,0.6654219098280029,0.8660625819969765,0.23940904067082103,0.48601318156195544,0.01844792785649731,0.11298748221049694,0.7270897967314549,0.26364113251958665,0.05743362740395175,0.4174712893704786,7.2968565355689385,640000,239.2656351109872,5000,241601,706.14453125,4.808604019737031e-06,2.8193239742790865e-05,5000,0,,,5000,5000,4.906531143617838,False,0.12995,0
CAUSAL,1235,B2-E02-CAUSAL-s1235,0.5596949858574125,2.40475849682996,0.007493189997158185,0.03734094968336678,0.5597148786133277,2.404706914433262,0.007493423861024879,0.03733850879412615,0.22525,4.636242474746681,0.23575000000000002,4.852360325955739,20.582652496100692,0.8476453753035208,0.9895594561824195,4.461463932644317,-11.961417688382145,0.9655018206015444,2.984663155037901,0.9999955146020276,0.3607279296967047,0.5598634383259221,1.5453412290906279,88623.21115536588,1.9980280521348694,0.999995514602028,0.8002456048972367,0.23149965547345805,0.01771679600075743,0.18004337584966773,6.828853514745969,640000,236.26870756803237,5000,241601,706.296875,4.808604019737031e-06,1.4096619871395433e-05,5000,0,,,5000,5000,15.501417688382144,False,0.16705,0
CAUSAL,1236,B2-E02-CAUSAL-s1236,1.5550765427422415,5.7838586578406455,0.020819346768027103,0.08095587302806946,1.5550941782844647,5.783738076391758,0.020819492686289666,0.0809493270550321,0.10225000000000001,2.104576217726296,0.093,1.9141866821373643,20.582652496100692,1.5345004376349278,0.9602643482770822,31.779972914640826,1.0575469217183588,0.7542620038087976,0.724522247925397,0.6545505579862291,1.2781027907692293,1.5564217160987746,1.4119002976721788,0.9452400938280997,0.7131898284024804,0.6545505579862293,1.420151902513284,0.27172141521516874,0.05164285515950062,0.788369596316922,14.795090557407216,640000,233.98370243298177,5000,241601,706.73046875,4.808604019737031e-06,2.8193239742790865e-05,5000,0,,,5000,5000,2.482453078281641,False,0.14889999999999998,1
