L2_paper,L2_late_paper,RMSE_paper,maxerr_paper,L2_exact,L2_late_exact,RMSE_exact,maxerr_exact,collapse_time_s,persistence_cycles,collapse_time_vel_s,persistence_cycles_vel,full_window_cycles,amplitude_ratio,max_ut_ratio,fit_w,fit_decay,frequency_error_exact,phase_error_exact,amplitude_error_exact,PDE_residual_rel,pde_evaluations,train_seconds,arm,seed,checkpoint
0.8694091168116244,1.1077584990452187,0.01163963920018155,0.05934016219361714,0.8694227462539911,1.1077442034500644,0.011639771249672663,0.05934155670449393,0.0345,0.7101015111154739,0.04175,0.859325741712204,20.582652496100692,0.3990935285551283,0.8223628413162757,113.30216181108759,29.423887063773208,0.12389333111227661,0.07338437284258159,0.10383549028863923,0.17869230746173365,128000,207.72224447098688,B1,1234,step_1000.pt
0.7236043435358545,1.116522790563625,0.00968760658196143,0.043240411344792624,0.7236314965336258,1.1165421493413017,0.009687928139677466,0.04324253746398766,0.079,1.6260295471919548,0.068,1.3996203697348473,20.582652496100692,0.5242399382955054,0.9322807507231975,124.37422809026214,16.00396625815458,0.038278803105958846,0.01977563563829321,0.09517037513755253,0.1399495826001786,256000,409.3141361299995,B1,1234,step_2000.pt
0.6166139727215879,1.0597104526504404,0.008255220734963783,0.03600678814349799,0.6166414930744787,1.0597462765166676,0.008255553415606983,0.03600841667175603,0.105,2.1611785120905727,0.115,2.36700503705158,20.582652496100692,0.5977357693043439,0.9068760531413972,127.62781486558008,11.404293200423792,0.013120509335592265,0.017921284707111074,0.05625245689113298,0.09375814063834012,384000,620.4550496329966,B1,1234,step_3000.pt
0.5590509001435289,1.0696737289376044,0.0074845669850702855,0.03213938864613441,0.5590781113123265,1.06970334810703,0.007484898864692704,0.03214089794631546,0.13,2.67574482449309,0.14025,2.8867170125781225,20.582652496100692,0.6645660943542623,0.9655234624920243,127.85884483117248,9.957341122096485,0.011334074811016457,0.03790731164347294,0.09966342166824697,0.09643532193725986,512000,834.847339797996,B1,1234,step_4000.pt
0.5263551281416545,1.0668010149273375,0.0070468363676725,0.029315045207351974,0.5263868153173645,1.0668393562637382,0.007047230067923573,0.029315846043628982,0.15325,3.1542914950274312,0.16325,3.360118019988438,20.582652496100692,0.6852344234305555,0.9305816700304187,128.07802380678396,8.981398750079364,0.009639277826177196,0.017973383057498182,0.07508236660778518,0.11022354745212025,640000,1045.4914159000045,B1,1234,step_5000.pt
0.8988305765029951,1.0267265538102655,0.01203353336223741,0.06461227149121358,0.8988423277826806,1.0266487644116078,0.012033638560748284,0.06461303473368116,0.0345,0.7101015111154739,0.04175,0.859325741712204,20.582652496100692,0.38855994438258257,0.8033021088601835,105.1877402719553,35.2867071751315,0.1866379311354713,0.2124477394879989,0.19936488954903467,0.18962904110464437,128000,204.38926115999948,B1,1235,step_1000.pt
0.8604558878294041,1.0245671902676463,0.011519773474121729,0.05878379008754185,0.8604726137274833,1.0245301727490692,0.011519947497980328,0.058785184598418645,0.0345,0.7101015111154739,0.04275,0.8799083942083047,20.582652496100692,0.4157111330841507,0.8873952605683416,115.77961313218914,26.81602364012264,0.1047364890047029,0.14541084020314266,0.12604098340730202,0.16581794036688946,256000,403.2564838920016,B1,1235,step_2000.pt
0.7723947343859678,1.0458839029192104,0.010340811770347102,0.04665676515286393,0.7724217346764571,1.0458930013052132,0.010341128454077458,0.04665869828812954,0.07825,1.6105925578198792,0.06725,1.3841833803627717,20.582652496100692,0.5068867542362142,0.9131876246150649,122.43819767373081,17.001768388977723,0.05324911904680249,0.0730021392076119,0.09336775076307684,0.12861693483579614,384000,613.0295183720227,B1,1235,step_3000.pt
0.6470828358537283,1.0887724376445698,0.008663137522170268,0.03877904558435907,0.6471141594988148,1.088791680716143,0.008663519354012779,0.03878173625559717,0.10475,2.1560328489665475,0.11375,2.341276721431454,20.582652496100692,0.6014690394081715,0.9548392286108827,126.08722665666846,11.993235009895761,0.02503307642400926,0.0713696266389241,0.09580223808823149,0.10641525415001614,512000,822.8545245680216,B1,1235,step_4000.pt
0.5485256317083388,1.0604368374561477,0.007343654812996506,0.029539068165325,0.5485542463765377,1.0604790458440878,0.007344006092973976,0.02954102871951067,0.151,3.1079805269112044,0.14,2.8815713494540973,20.582652496100692,0.6599754857063753,0.9239035792830711,128.1522264464256,9.46986524222189,0.009065507419682163,0.01179064494662141,0.06459232450797853,0.09714210572422859,640000,1028.702885962014,B1,1235,step_5000.pt
0.8306257759524923,0.9985549539390848,0.011120408281332367,0.0540473963974326,0.8306429388966046,0.9986200499166261,0.011120589886301149,0.05404879090830939,0.05425,1.1166088979134625,0.045,0.9262193623245312,20.582652496100692,0.4369335397296374,0.8283961349779048,120.85064795511917,23.967795804394154,0.06552481505678258,0.023862945678027714,0.09981223094866794,0.15317836942592944,128000,207.18712155800768,B1,1236,step_1000.pt
0.6839287533979841,0.9901423888258117,0.009156430240088366,0.042488875219208286,0.6839532184399647,0.9901674436450147,0.009156718112586466,0.042490503747466324,0.10375000000000001,2.135450196470447,0.09275,1.9090410190133391,20.582652496100692,0.5823571100908723,0.9313311457127901,125.90555359943673,13.54017473443066,0.02643785965544772,0.0592006085937804,0.11668807153946904,0.12309890700151378,256000,416.06184633500743,B1,1236,step_2000.pt
0.5583697234021787,0.9615905239565892,0.007475447398735664,0.030434501293205095,0.5583973486546588,0.9615924303485933,0.007475784861585801,0.030436461847390767,0.12875,2.650016508872964,0.13875,2.8558430338339713,20.582652496100692,0.657747369798498,0.9696565848968729,128.10742456441093,10.066799986924934,0.009411937063956873,0.007937357491024866,0.09574344807821743,0.09012933857883608,384000,619.6958015260152,B1,1236,step_3000.pt
0.4685887649328877,0.9827857883723088,0.006273460965166374,0.02542987798150038,0.46860912799712273,0.9827449925692279,0.006273706409104715,0.025431103021275756,0.17675,3.637983828685797,0.187,3.8489560167708294,20.582652496100692,0.7187364251601799,0.9747892965823397,128.66596848010846,8.110276385918958,0.005093007560871441,0.009840072458451754,0.07348247208885421,0.10532495368470171,512000,822.782079956989,B1,1236,step_4000.pt
0.4018028654870648,0.9788068220463523,0.005379332115839599,0.02211205279598457,0.4018206623736921,0.9788016738190042,0.005379547077153843,0.022112775083006048,0.24775,5.099352155908947,0.23600000000000002,4.857505989079764,20.582652496100692,0.7600687569433427,1.009800298033468,128.90223172762137,7.026221955759564,0.0032661067899553966,0.02002531202321922,0.06393131496435278,0.09593402232482966,640000,1021.0719782760189,B1,1236,step_5000.pt
0.8694091168116244,1.1077584990452187,0.01163963920018155,0.05934016219361714,0.8694227462539911,1.1077442034500644,0.011639771249672663,0.05934155670449393,0.0345,0.7101015111154739,0.04175,0.859325741712204,20.582652496100692,0.3990935285551283,0.8223628413162757,113.30216181108759,29.423887063773208,0.12389333111227661,0.07338437284258159,0.10383549028863923,0.17869230746173365,128000,205.7773500319945,LBFGS,1234,step_1000.pt
0.7236043435358545,1.116522790563625,0.00968760658196143,0.043240411344792624,0.7236314965336258,1.1165421493413017,0.009687928139677466,0.04324253746398766,0.079,1.6260295471919548,0.068,1.3996203697348473,20.582652496100692,0.5242399382955054,0.9322807507231975,124.37422809026214,16.00396625815458,0.038278803105958846,0.01977563563829321,0.09517037513755253,0.1399495826001786,256000,404.92827067099097,LBFGS,1234,step_2000.pt
0.6413151649393823,1.0461214132889705,0.008585920010678596,0.0357927102844288,0.6413303543958548,1.0461615150283878,0.008586086173616697,0.03579217097932589,0.08,1.6466121996880554,0.08650000000000001,1.78039944091271,20.582652496100692,0.5809397338061615,0.9652878635568579,128.4005794200254,13.306588777640114,0.0071451230869307705,0.004504241775080242,0.10586048967639489,0.1279172047176588,384000,602.383120582992,LBFGS,1234,step_3000.pt
0.6648020701435085,1.066472503670955,0.00890036242589901,0.04387360999985238,0.66480873192039,1.066463996871813,0.008900413058755736,0.04387307069474947,0.078,1.605446894695854,0.06975,1.4356400116030235,20.582652496100692,0.5545597794088721,0.9554251019319104,129.3183896518957,15.015046617959685,4.817407852911177e-05,0.028021985173076303,0.10711392954986935,0.15950844407997064,512000,768.3349088069917,LBFGS,1234,step_4000.pt
0.6712226674849814,1.0670612266652375,0.008986321308845233,0.045890839795308315,0.6712257619126014,1.0670529794539187,0.008986323809921898,0.045890300490205406,0.0775,1.5951555684478036,0.06975,1.4356400116030235,20.582652496100692,0.5554835058084171,0.9613622719969804,129.3942269853807,15.64207496135318,0.0005382365649646024,0.01868014238016391,0.1274737686997814,0.170534488523998,623360,910.3882717309916,LBFGS,1234,final.pt
0.8988305765029951,1.0267265538102655,0.01203353336223741,0.06461227149121358,0.8988423277826806,1.0266487644116078,0.012033638560748284,0.06461303473368116,0.0345,0.7101015111154739,0.04175,0.859325741712204,20.582652496100692,0.38855994438258257,0.8033021088601835,105.1877402719553,35.2867071751315,0.1866379311354713,0.2124477394879989,0.19936488954903467,0.18962904110464437,128000,204.03680998599248,LBFGS,1235,step_1000.pt
0.8604558878294041,1.0245671902676463,0.011519773474121729,0.05878379008754185,0.8604726137274833,1.0245301727490692,0.011519947497980328,0.058785184598418645,0.0345,0.7101015111154739,0.04275,0.8799083942083047,20.582652496100692,0.4157111330841507,0.8873952605683416,115.77961313218914,26.81602364012264,0.1047364890047029,0.14541084020314266,0.12604098340730202,0.16581794036688946,256000,400.0051460029799,LBFGS,1235,step_2000.pt
0.8315128630252776,1.0000700880262134,0.011132284592802655,0.050276650253560325,0.8315350516528456,1.0000298124874407,0.011132533429826208,0.05027877637275536,0.035250000000000004,0.7255385004875495,0.043250000000000004,0.890199720456355,20.582652496100692,0.4231693599575733,0.7977410704284493,122.04157734890487,21.71828849047302,0.05631597766663883,0.1349424915810311,0.005765805398638197,0.21692344375010933,384000,596.3357576129811,LBFGS,1235,step_3000.pt
0.8407101960920034,1.0028081764624184,0.011255418381522497,0.05224837091425456,0.8407300707994803,1.0027696319056176,0.011255635706554452,0.05225001257116117,0.035250000000000004,0.7255385004875495,0.04275,0.8799083942083047,20.582652496100692,0.4101458332064501,0.7750410024830326,121.81340951364659,23.636719503669834,0.05808028082643864,0.1757999110626587,0.0038220703002647713,0.22912446339148845,512000,776.1158374359811,LBFGS,1235,step_4000.pt
0.8426611696378885,1.0069977490232203,0.011281537992789612,0.05242307957867183,0.8426806073220867,1.0069733243634464,0.011281749353839493,0.05242472123557844,0.035,0.7203928373635243,0.0425,0.8747627310842795,20.582652496100692,0.4057261179548427,0.7667670677856107,121.9731974084032,24.083656389834072,0.0568447241700952,0.18676099274218894,0.007240668423530352,0.23087467225415917,623360,916.2883613559816,LBFGS,1235,final.pt
0.8306257759524923,0.9985549539390848,0.011120408281332367,0.0540473963974326,0.8306429388966046,0.9986200499166261,0.011120589886301149,0.05404879090830939,0.05425,1.1166088979134625,0.045,0.9262193623245312,20.582652496100692,0.4369335397296374,0.8283961349779048,120.85064795511917,23.967795804394154,0.06552481505678258,0.023862945678027714,0.09981223094866794,0.15317836942592944,128000,204.23746573898006,LBFGS,1236,step_1000.pt
0.6839287533979841,0.9901423888258117,0.009156430240088366,0.042488875219208286,0.6839532184399647,0.9901674436450147,0.009156718112586466,0.042490503747466324,0.10375000000000001,2.135450196470447,0.09275,1.9090410190133391,20.582652496100692,0.5823571100908723,0.9313311457127901,125.90555359943673,13.54017473443066,0.02643785965544772,0.0592006085937804,0.11668807153946904,0.12309890700151378,256000,410.1912313509374,LBFGS,1236,step_2000.pt
0.5985264571011886,0.9553766823319291,0.0080130652850403,0.03464631974167551,0.5985606344029006,0.9554207708881698,0.00801348813741912,0.03464933230106678,0.10475,2.1560328489665475,0.1125,2.315548405811328,20.582652496100692,0.6316292096810208,0.9732500694306386,127.03501873110298,11.12233729768192,0.01770429342589217,0.05741067316305681,0.10804879490573853,0.11382178587557935,384000,595.7515866319254,LBFGS,1236,step_3000.pt
0.5829345712968667,0.9481039447031963,0.007804321298229702,0.034257809216448915,0.5829731969196352,0.9481899947293154,0.0078048046086576384,0.03426082177584019,0.10575,2.1766155014626483,0.1145,2.3567137108035294,20.582652496100692,0.6457511004373877,0.9741145089344947,126.79219165446514,10.669515864954791,0.01958194887242842,0.06717953986831304,0.11136661861690451,0.11717679558303276,512000,767.9737878459246,LBFGS,1236,step_4000.pt
0.5782461043892361,0.9524940864696586,0.007741552157497728,0.033891136342951905,0.578285866689014,0.9525890888677093,0.007742050957581469,0.03389414890234318,0.12275,2.5265205938963597,0.11475,2.3618593739275546,20.582652496100692,0.6516604437524218,0.974049048765238,126.74378748437053,10.549151715653082,0.01995623313624126,0.0725497782850435,0.1155375293956666,0.11706367621778889,623360,904.6998303729242,LBFGS,1236,final.pt
