state,problem,seed,level,trajectories,pde_evaluations,collapse_time_s,FULL.sigma_1,FULL.sigma_N,FULL.N,FULL.rank_1e-02,FULL.rank_1e-04,FULL.rank_1e-06,FULL.rank_1e-08,FULL.rank_1e-10,FULL.sigma_res,FULL.kappa_hat,FULL.log10_kappa_hat,FULL.saturated,FULL.s2_over_s1,FULL.s5_over_s1,FULL.s10_over_s1,FULL.s20_over_s1,FULL.s50_over_s1,FULL.s100_over_s1,FULL.s200_over_s1,FULL.s400_over_s1,FULL.s640_over_s1,FULL.rank_entropy,W1.N,W1.sigma_1,W1.rank_1e-06,W1.log10_kappa_hat,W1.saturated,W2.N,W2.sigma_1,W2.rank_1e-06,W2.log10_kappa_hat,W2.saturated,W3.N,W3.sigma_1,W3.rank_1e-06,W3.log10_kappa_hat,W3.saturated,W4.N,W4.sigma_1,W4.rank_1e-06,W4.log10_kappa_hat,W4.saturated
FF_b1-128k_s1234,FF,1234,128k,FF-B1+FF-LBFGS,128000,0.0345,210417.1062628873,2.2190082366570234,640,254,629,640,640,640,2.2190082366570234,94824.84237187174,4.97692212944408,False,0.6334604220882742,0.41255011291342736,0.2931800713189681,0.16661421873970877,0.08036573089132974,0.041527487986265814,0.015727982294291645,0.0030982288151517527,1.0545759686879626e-05,175.6729408496278,175,113510.48447389445,175,4.032522435072408,False,130,102383.60851349616,130,3.915743641175165,False,165,112041.62128373056,165,4.405008624048943,False,170,115330.36783261554,170,3.885325789255259,False
FF_b1-128k_s1235,FF,1235,128k,FF-B1+FF-LBFGS,128000,0.0345,198927.2998762995,5.394613430769766,640,326,635,640,640,640,5.394613430769766,36875.172323128674,4.566734058513243,False,0.7047529367379087,0.5399225543993634,0.3654767191926689,0.20062835699335743,0.11520776102424005,0.06507662580949253,0.02725241993960767,0.005747341721296066,2.7118517338366025e-05,217.41924791567894,175,106691.81758961098,175,4.2094836698248015,False,130,99839.50353230182,130,3.597116559250239,False,165,110704.96531266379,165,3.7536579768438534,False,170,103534.34999341115,170,3.4266800594944704,False
FF_b1-128k_s1236,FF,1236,128k,FF-B1+FF-LBFGS,128000,0.05425,211367.26338685668,3.2445560135027303,640,250,630,640,640,640,3.2445560135027303,65145.20399932026,4.8138824483939695,False,0.5787035521456515,0.3533874100586207,0.22866525865587545,0.14528271218219177,0.07065552315613238,0.03661836244498814,0.014771416903543557,0.0033478744359094156,1.535032417751634e-05,184.26392077992094,175,115286.56917012678,175,4.274343188078196,False,130,103997.55528956561,130,3.874923740132234,False,165,116620.1911911957,165,4.080120444320688,False,170,107919.20151644945,170,3.960742224850243,False
FF_b1-256k_s1234,FF,1234,256k,FF-B1+FF-LBFGS,256000,0.079,211969.56027312676,2.057128199469359,640,240,627,640,640,640,2.057128199469359,103041.49266331812,5.013012141269105,False,0.6255804610574992,0.3828525887720506,0.24970312056790817,0.16889307377876253,0.07525920001125616,0.03741846922416329,0.014052398073098854,0.002822410106673571,9.704828357518459e-06,170.97048645441672,175,114732.57784292167,175,3.960103554368601,False,130,103807.13255343997,130,3.9691170018181343,False,165,112733.71940917236,165,4.470905198904892,False,170,116747.81806429631,170,3.9265025176787707,False
FF_b1-256k_s1235,FF,1235,256k,FF-B1+FF-LBFGS,256000,0.0345,200079.42102185785,4.841664268436844,640,308,635,640,640,640,4.841664268436844,41324.513623588056,4.6162077507653265,False,0.6501002480526441,0.4549347888202869,0.31834979404015973,0.1812467591979945,0.10413673385370466,0.058326452014884116,0.02422789009419562,0.005094143220542864,2.4198711910046523e-05,213.42434306759787,175,107048.69538691264,175,4.2587717870644815,False,130,99344.43096752782,130,3.657525652378285,False,165,110498.06313416452,165,3.8210019140301337,False,170,103877.66749067172,170,3.542557278073939,False
FF_b1-256k_s1236,FF,1236,256k,FF-B1+FF-LBFGS,256000,0.10375000000000001,203930.2790809398,2.9021194583825474,640,245,630,640,640,640,2.9021194583825474,70269.42963767497,4.846766428473668,False,0.587895619109344,0.34350743854296584,0.22329621396618077,0.15341761041926083,0.07095361548153911,0.035657451734966754,0.014041323186173233,0.003193383326453619,1.4230939473341758e-05,180.00148384720657,175,111617.2981008232,175,4.272019697723294,False,130,101413.53120865262,130,3.9088962609749256,False,165,113710.88548092388,165,4.121468420424534,False,170,104593.39791584176,170,4.042592491738102,False
FF_b1-384k_s1234,FF,1234,384k,FF-B1,384000,0.105,209710.36111013658,1.721911703406904,640,227,623,640,640,640,1.721911703406904,121789.26520750875,5.085609010245955,False,0.6034718837139799,0.33685945052827093,0.23175041874205257,0.15590008778145298,0.06554641962650443,0.03270754661098662,0.012340604942643165,0.0025886715973691614,8.210904288618258e-06,166.06927702697197,175,112873.94109774979,175,4.048269381354231,False,130,101995.83395769661,130,4.045356441946444,False,165,110302.37432395418,165,4.546441160796978,False,170,115276.18217728147,170,3.9901554826022756,False
FF_b1-384k_s1235,FF,1235,384k,FF-B1,384000,0.07825,202319.1740848241,4.80729572427115,640,297,634,640,640,640,4.80729572427115,42085.859844933584,4.624136204556832,False,0.5728969944448585,0.392999267069746,0.26811670702137586,0.17848369432963873,0.09282862591657547,0.051182786722497695,0.021351985556962293,0.004626120382024466,2.3760949727165495e-05,211.2421442037727,175,106201.30275445862,175,4.260333881478817,False,130,100118.74954649701,130,3.706189852284121,False,165,112134.64468764672,165,3.8836556216095914,False,170,106581.1231957515,170,3.6437853319925724,False
FF_b1-384k_s1236,FF,1236,384k,FF-B1,384000,0.12875,192272.94243889095,2.426896979037402,640,240,628,640,640,640,2.426896979037402,79225.83616019564,4.898866831489257,False,0.5770985475645185,0.3235223012745532,0.22060621542858722,0.14708069981151686,0.06842582502630475,0.03259923935447827,0.013446313996457633,0.003050793973657885,1.262214510400354e-05,177.07544481915045,175,104054.54891267262,175,4.144613810053349,False,130,95318.48887413145,130,3.9385732091972994,False,165,107804.95591176407,165,4.141059095845348,False,170,99186.1425403157,170,4.133266956527454,False
FF_b1-512k_s1234,FF,1234,512k,FF-B1,512000,0.13,206975.57428690512,1.4307343028408652,640,213,621,640,640,640,1.4307343028408652,144663.87915347703,5.160360106498425,False,0.5901089972823611,0.3019266073414239,0.21430526025865976,0.14122099082633863,0.058491532419971196,0.028352382547746826,0.01114037868909151,0.002358491431773202,6.912575591444485e-06,160.14894950053906,175,110455.07269939517,175,4.15064579820287,False,130,99135.2494346991,130,4.105017725172017,False,165,107530.88159578228,165,4.618756298524749,False,170,113837.04777752103,170,4.055042720450061,False
FF_b1-512k_s1235,FF,1235,512k,FF-B1,512000,0.10475,203330.26590696888,5.113267078733898,640,283,634,640,640,640,5.113267078733898,39765.23478552889,4.599503550997466,False,0.5133050973849732,0.36453031054947244,0.2631910975287125,0.16801393749335883,0.08147362987450044,0.04531870725772717,0.018908415171669662,0.004238042440747987,2.514759451046706e-05,206.97350890298395,175,104209.42813877457,175,4.222233333758083,False,130,100660.05141035163,130,3.7646597983012287,False,165,113261.38701940994,165,3.9462128014989237,False,170,108567.09714988331,170,3.7257407847206436,False
FF_b1-512k_s1236,FF,1236,512k,FF-B1,512000,0.17675,187933.41376692976,1.825005614916441,640,224,626,640,640,640,1.825005614916441,102976.89619740397,5.012739797719857,False,0.5467145226925987,0.2965073908967515,0.19775291200970202,0.13403012452243757,0.06064128501855937,0.027896467746813057,0.012172697286079974,0.0027673737831289485,9.710916107658038e-06,170.75840879774532,175,100759.22413462885,175,4.077875782330857,False,130,92286.6716568403,130,4.0292375510435186,False,165,104885.202585312,165,4.178023313236476,False,170,97127.98257283459,170,4.231376837758181,False
FF_b1-640k_s1234,FF,1234,640k,FF-B1,640000,0.15325,202425.50011678296,1.142711047257883,640,196,617,640,640,640,1.142711047257883,177144.9576885908,5.248328794946436,False,0.5902680530710142,0.2660517174799803,0.18466750261458106,0.12265195508340562,0.050788089313112,0.024078519268416223,0.009669847616847655,0.0020506466028192907,5.645094351248396e-06,152.94775770574904,175,106612.86451754712,175,4.188597851089395,False,130,95391.86480694351,130,4.173884108742618,False,165,104300.80450645894,165,4.670957576763548,False,170,111247.88192678496,170,4.137060075271993,False
FF_b1-640k_s1235,FF,1235,640k,FF-B1,640000,0.151,199969.54024576338,4.233559995142054,640,268,634,640,640,640,4.233559995142054,47234.37024046557,4.674258129432588,False,0.48523376057393464,0.3260148446176961,0.23752088839769633,0.15276201023896535,0.07213398677640441,0.03903307055215867,0.016541095312031524,0.003780277407395889,2.1171024296695343e-05,199.52935885189763,175,101699.02498407353,175,4.104060902769288,False,130,98136.1133232353,130,3.8326265229905263,False,165,110970.84836644877,165,3.9710528560145195,False,170,106916.30383527013,170,3.8082410243100653,False
FF_b1-640k_s1236,FF,1236,640k,FF-B1,640000,0.24775,188992.48338042045,1.4199189637671168,640,205,623,640,640,640,1.4199189637671168,133100.8939263786,5.124180972273997,False,0.5270323352351677,0.26710670920797425,0.1792012739098872,0.11735509567616594,0.05294231157074431,0.023918256139062025,0.010496416751467922,0.002346637302153932,7.513097549541062e-06,161.97940199936642,175,99729.99154440255,175,4.04813942727139,False,130,91917.16508154388,130,4.120213868034157,False,165,105584.02186576255,165,4.207092450569104,False,170,97728.66528356542,170,4.341250137677531,False
FF_init_s1234,FF,1234,0k,FF-B1+FF-LBFGS,0,0.0245,929456.2158355797,54.231237552851645,640,426,639,640,640,640,54.231237552851645,17138.76093883655,4.233979421036573,False,0.7551663358337691,0.5963841971780055,0.4619706317054068,0.35150067348798963,0.21658535196274278,0.1236273441951309,0.054916871183025226,0.01235565882420244,5.834727513667532e-05,270.0516769991697,175,662830.3264576653,175,3.988544146682773,False,130,690837.5574344464,130,3.1458437932593366,False,165,566711.3419860734,165,3.6150836930676284,False,170,644144.9256355165,170,3.2461700447732134,False
FF_init_s1235,FF,1235,0k,FF-B1+FF-LBFGS,0,0.0245,964071.2933888045,57.05783616384677,640,466,639,640,640,640,57.05783616384677,16896.387213500107,4.2277938536685555,False,0.9073741333110917,0.7229526196808128,0.5592599574729131,0.4168058249878725,0.25079192562367103,0.14652041773941693,0.06860274137945947,0.016881057819868497,5.918424970759467e-05,281.30463150764746,175,686861.0373712094,175,3.968638026217598,False,130,704632.1981443801,130,3.1378971113107963,False,165,642497.3988684837,165,3.3845270278142148,False,170,783908.1839878634,170,3.1404858207440474,False
FF_init_s1236,FF,1236,0k,FF-B1+FF-LBFGS,0,0.0245,635143.7932761966,55.97378216455029,640,466,639,640,640,640,55.97378216455029,11347.16591794739,4.054887405151146,False,0.8869173254594281,0.7455413468571394,0.5777289914593255,0.4220329957408042,0.26196940648215267,0.15897352154300343,0.07122068642755167,0.016610090663799648,8.812773226646287e-05,281.53417642004234,175,422608.168388663,175,3.7711019338191942,False,130,493498.87791428284,130,3.2135607999111637,False,165,416290.0623230346,165,3.4639804971168493,False,170,470607.44517046836,170,3.138345405379257,False
FF_sw-320k_s1234,FF,1234,320k,FF-B1+FF-LBFGS,320000,0.082,212365.7118204724,1.922821151654351,640,233,625,640,640,640,1.922821151654351,110444.85943882917,5.043145506814019,False,0.6137980702695568,0.3631642216150191,0.24400686089890583,0.16477901919492707,0.07153413066632403,0.03512748864477646,0.013177225254453665,0.002717968218638746,9.054291934282904e-06,167.95478164517434,175,114849.83663118049,175,3.9780746555693183,False,130,103818.45416952512,130,4.0063196273297965,False,165,112411.39736292114,165,4.5138442451576095,False,170,116960.3274666766,170,3.949345303386208,False
FF_sw-320k_s1235,FF,1235,320k,FF-B1+FF-LBFGS,320000,0.05625,202466.68247747215,4.914080441220376,640,301,635,640,640,640,4.914080441220376,41201.33662834201,4.6149113053753,False,0.6172108831698815,0.4175880682845466,0.29097670746164245,0.1833093457131451,0.09752665670436036,0.054264092941026826,0.022459250912867948,0.004818069600876646,2.4271057247985237e-05,211.23863465983706,175,107659.80789886428,175,4.257376616881554,False,130,100242.40824632368,130,3.688145089169696,False,165,111898.83148963792,165,3.8545241263493915,False,170,105573.16988231559,170,3.6009836325311797,False
FF_sw-320k_s1236,FF,1236,320k,FF-B1+FF-LBFGS,320000,0.105,193617.088871175,2.6346131126586143,640,245,630,640,640,640,2.6346131126586143,73489.76133949097,4.8662268369957795,False,0.5840393498792799,0.3336049620664431,0.22191285308239098,0.14946173446485653,0.07094237791378884,0.03464996761703512,0.014028348619879593,0.0032209762136289435,1.3607337699471248e-05,180.7746817115756,175,105456.83947535264,175,4.204742441196151,False,130,96271.38029933967,130,3.9093818689298505,False,165,108488.24754411522,165,4.124665223735528,False,170,99699.64291788453,170,4.081029675368196,False
FF_tr-384k_s1234,FF,1234,384k,FF-LBFGS,384000,0.08,214782.9264237525,1.9102989776948518,640,229,625,640,640,640,1.9102989776948518,112434.19429713038,5.050898412088228,False,0.6049354359170906,0.36617580069959443,0.24334250357285517,0.15959439737060455,0.0678261931634801,0.034545889471515774,0.012756259334525103,0.0026692858600942918,8.894091394983409e-06,166.83472715981023,175,115391.80804469579,175,4.098580566737139,False,130,104465.86679641323,130,4.014979445490258,False,165,113040.89155043136,165,4.484624957836312,False,170,118126.06412847598,170,3.9698075230651084,False
FF_tr-384k_s1235,FF,1235,384k,FF-LBFGS,384000,0.035250000000000004,203292.49687927257,5.617905769300176,640,307,635,640,640,640,5.617905769300176,36186.52665735203,4.558546899606196,False,0.6121219075035538,0.4526082939131216,0.29518374735001324,0.17828231210547377,0.09830879321595581,0.05549332222295619,0.02335365140923583,0.0050521699897745145,2.763459476144085e-05,215.15679426947813,175,107161.14962705565,175,4.2165403385803355,False,130,100557.28471328587,130,3.717683984952042,False,165,112090.48091405425,165,3.7798748202017873,False,170,105869.14478902273,170,3.595966778295277,False
FF_tr-384k_s1236,FF,1236,384k,FF-LBFGS,384000,0.10475,194499.5423619929,3.1848868036813265,640,255,632,640,640,640,3.1848868036813265,61069.53067756632,4.785824582433619,False,0.5898149210570772,0.3519403962320921,0.23766594502559082,0.1588260258137929,0.07399519667668475,0.036899765361063874,0.015069371759789589,0.003459208904030305,1.6374777878673736e-05,185.12938179715826,175,105949.35580318302,175,4.1109624709697705,False,130,96881.08104390565,130,3.831692903438748,False,165,109490.40822559364,165,4.1028293647261975,False,170,100568.86705014166,170,4.034979900174127,False
FF_tr-512k_s1234,FF,1234,512k,FF-LBFGS,512000,0.078,217414.91196253273,1.8094846556086688,640,222,623,640,640,640,1.8094846556086688,120152.94591674743,5.079734423327212,False,0.5956167479022598,0.36141968112319717,0.23224957429610588,0.15318680240696242,0.06594559420036727,0.032885584996399736,0.012027247851274191,0.0025269268061828176,8.322725609182219e-06,163.8299837282373,175,116051.08564300719,175,4.080625650794485,False,130,104869.1438938647,130,4.024403098668119,False,165,114195.55393592287,165,4.4771786725738725,False,170,119549.13053783622,170,4.0121727252706325,False
FF_tr-512k_s1235,FF,1235,512k,FF-LBFGS,512000,0.035250000000000004,203740.16647838397,5.42595031271999,640,304,635,640,640,640,5.42595031271999,37549.21345312698,4.5746008442284865,False,0.6081135158733632,0.4528246779048894,0.2945255209161292,0.17350963215573292,0.09624429752087695,0.05447271514290847,0.022767362979004117,0.004887788851021194,2.6631716300750454e-05,213.4996239649647,175,107178.08622892674,175,4.232589826856799,False,130,100753.43125568883,130,3.729693913560784,False,165,112489.6285845659,165,3.7820888396872574,False,170,105644.7467695584,170,3.595469233170821,False
FF_tr-512k_s1236,FF,1236,512k,FF-LBFGS,512000,0.10575,195265.78820685938,3.163752325665931,640,254,632,640,640,640,3.163752325665931,61719.68223389874,4.790423681415421,False,0.5915120651221195,0.3574999278801298,0.24054676511890258,0.16104344808708357,0.07303878559656413,0.03661351912227547,0.015041395222490378,0.003467851770790986,1.6202286917328988e-05,183.8818637226191,175,106538.336782061,175,4.072017975483982,False,130,97320.66733683523,130,3.8370642857471777,False,165,110206.9964024493,165,4.111737417723259,False,170,100946.6493095292,170,4.05540083262277,False
FF_tr-623k_s1234,FF,1234,623k,FF-LBFGS,623360,0.0775,219020.0774501433,1.702314575841817,640,217,621,640,640,640,1.702314575841817,128660.16690354365,5.109444110450336,False,0.5918966205137882,0.3564212829079644,0.2290572761442117,0.15161534293172216,0.06461372678194838,0.031663775970823135,0.011500038664666219,0.002404177313776835,7.772413358904615e-06,160.89885467044283,175,116766.33300054671,175,4.113358880936002,False,130,105393.30639380967,130,4.060528807717549,False,165,114988.45808914572,165,4.492789937915936,False,170,120557.54616792084,170,4.050896100517382,False
FF_tr-623k_s1235,FF,1235,623k,FF-LBFGS,623360,0.035,204619.66361641293,5.287625359175236,640,300,635,640,640,640,5.287625359175236,38697.836877068294,4.587686689602671,False,0.6043441712471428,0.4513935472936593,0.2897664162533006,0.1707812141602272,0.09450784784692812,0.05313474949119837,0.02215820793179427,0.0047361177638234895,2.5841237668573243e-05,211.68754271746664,175,107616.65164314095,175,4.245540616789728,False,130,101144.40899431803,130,3.7449353582592932,False,165,112852.62550840741,165,3.792342333833282,False,170,105878.49108077266,170,3.611348676183839,False
FF_tr-623k_s1236,FF,1236,623k,FF-LBFGS,623360,0.12275,195506.31750479163,3.09258930613191,640,252,632,640,640,640,3.09258930613191,63217.678828917415,4.80083854575381,False,0.5919332803067906,0.3565723421350653,0.24171200940761234,0.16196631417010207,0.07285578702423443,0.036445914429257854,0.015009066278192842,0.003436497562973693,1.5818359967094743e-05,183.14603728916208,175,106837.62420316634,175,4.063545737180016,False,130,97499.15991779252,130,3.8509893499755123,False,165,110407.68799909898,165,4.1144455042437835,False,170,101065.9397590674,170,4.063530375205471,False
MO_init_s1234,MO,1234,0k,MO-ADAM+MO-LBFGS,0,0.0245,274754.3112496008,1.765599925819433e-11,640,47,188,276,357,426,3.1315420531368836e-05,8773770448.791445,9.943186267619948,True,0.7424674521491134,0.4434967984706901,0.28463616884436177,0.11092175949273525,0.009684328693622117,0.003273547232076298,5.179272525094201e-05,5.787560247519229e-10,6.426104536046651e-17,31.910536198080074,175,204949.5887747159,74,9.979960741632889,True,130,171257.97303559806,73,9.98613640708423,True,165,197394.11645024683,72,9.867060395539436,True,170,202490.231823577,74,9.983982313265173,True
MO_init_s1235,MO,1235,0k,MO-ADAM+MO-LBFGS,0,0.0245,290810.90768287174,1.7954765242350825e-11,640,50,189,281,361,431,3.295153670872454e-05,8825412612.877447,9.945735019023806,True,0.7803691438088418,0.3588202173102584,0.27243618446127216,0.1090226941894989,0.010013498060854293,0.003436631605052826,6.361721777866157e-05,9.336834255728365e-10,6.174034318523717e-17,33.05988153345148,175,209933.65621079915,74,9.954032989533673,True,130,176259.92216988068,74,9.999084469076012,True,165,203413.72754219087,75,9.902177993315872,True,170,204282.67521203743,73,9.972349351534946,True
MO_init_s1236,MO,1236,0k,MO-ADAM+MO-LBFGS,0,0.0245,274099.7299140415,1.7837813977679198e-11,640,66,207,304,388,460,2.7953626540897636e-05,9805515914.474249,9.991470448887515,True,0.7180715812990353,0.3589228261542638,0.2662644009119506,0.12311049714006576,0.013225364288949147,0.005086832817509183,0.00014607535338215924,4.790428098521608e-09,6.507782398498966e-17,37.5593230220385,175,188319.7566665139,83,9.997185288098338,True,130,172388.64861811264,78,9.957460600014057,True,165,187638.41945531187,81,9.723339907311876,True,170,190564.27053847077,80,9.941556526498282,True
MO_m0-128k_s1234,MO,1234,128k,MO-ADAM+MO-LBFGS,128000,0.1505,228738.06849020437,1.144682115821362e-11,640,64,203,299,381,452,2.6835966294883562e-05,8523563712.099856,9.930621211774593,True,0.7581548808780211,0.4039387856796971,0.2362343747458975,0.09952431548493605,0.015009365439210113,0.004512355480603193,0.00011809503419728334,3.488046091539473e-09,5.004335847447197e-17,37.691252974420465,175,161328.6679588422,86,9.77464470803519,True,130,127535.31290590808,77,9.913083229702162,True,165,144436.12263726234,75,9.997666107923209,True,170,161757.58135743756,77,9.94286197448914,True
MO_m0-128k_s1235,MO,1235,128k,MO-ADAM+MO-LBFGS,128000,0.17500000000000002,255228.952026964,1.1819074241358594e-11,640,66,206,303,389,458,2.5886235305315108e-05,9859639650.828598,9.993861042677874,True,0.5848576823610948,0.3182820567279919,0.22200202391156898,0.09486427486093076,0.01412608232256183,0.004803246480676174,0.0001411967111915338,4.929088916103449e-09,4.630773330178448e-17,40.83988503663481,175,174248.59603416375,89,9.94835311740119,True,130,139502.83715858834,78,9.757515520851669,True,165,124121.35613606997,80,9.951403680305903,True,170,166789.41407579745,76,9.849545543234361,True
MO_m0-128k_s1236,MO,1236,128k,MO-ADAM+MO-LBFGS,128000,0.2,227220.49793081108,1.1966170770524525e-11,640,84,228,327,414,484,2.284318806087135e-05,9946969631.617338,9.997690792030282,True,0.752620256103786,0.35030745479203845,0.23850838197022786,0.10330573987285174,0.020060182320850394,0.007205717479886815,0.0003173476918728257,2.3736411780729965e-08,5.266325388551978e-17,45.35147947161778,175,162200.288610697,96,9.964595466205518,True,130,134191.24402921513,82,9.679578762808651,True,165,138377.02522700792,85,9.966956839494596,True,170,164271.73774968312,82,9.953866702393784,True
MO_m0-256k_s1234,MO,1234,256k,MO-ADAM+MO-LBFGS,256000,0.24975,199524.5692846236,1.0755816779161489e-11,640,80,218,313,397,466,2.1442804027918814e-05,9304966319.929052,9.968714805505964,True,0.8952371761651917,0.4232333798563032,0.25400444649508214,0.10785873805277656,0.022306555896807637,0.006762446607122972,0.00022003783390019368,8.426844770371385e-09,5.390722965961259e-17,43.39618901830924,175,149208.42640616655,95,9.838405640967443,True,130,120055.06416131092,80,9.994464280270604,True,165,137579.4809817349,75,9.976852081073176,True,170,149845.11782205032,79,9.966853039568782,True
MO_m0-256k_s1235,MO,1235,256k,MO-ADAM+MO-LBFGS,256000,0.32225,223934.46926340467,1.1254667642428203e-11,640,81,220,315,402,470,2.412149470043702e-05,9283606677.13297,9.967716732218038,True,0.7261848134577867,0.3771134309913975,0.2412401896589676,0.10007272073020775,0.02261301117983276,0.006838567441092972,0.00022819026768397706,1.0828995073676695e-08,5.025875506994777e-17,46.30653658165362,175,162381.01945013046,96,9.880207946604807,True,130,129534.0335403673,82,9.723174058583929,True,165,122522.98683885515,81,9.956586710210285,True,170,155420.56299894818,76,9.973338001897867,True
MO_m0-256k_s1236,MO,1236,256k,MO-ADAM+MO-LBFGS,256000,0.34750000000000003,198042.46768587717,1.1452806095290463e-11,640,101,242,346,433,501,2.1598952264699696e-05,9169077520.929031,9.962325644533422,True,0.9025289353270096,0.3933558909236487,0.25256179292367936,0.11112628598035547,0.02891176752682744,0.010352339002567327,0.0005473798066167176,6.190954589756449e-08,5.783005144864283e-17,52.533426725492134,175,150274.30166690864,103,9.836642251993243,True,130,126779.10759907909,84,9.878624228999511,True,165,132591.89756270163,89,9.970108802674604,True,170,151022.90397411148,85,9.929718537469551,True
MO_m0-384k_s1234,MO,1234,384k,MO-ADAM,384000,0.34725,182174.99726363603,1.0031753667032296e-11,640,91,228,325,411,478,1.8704838385858475e-05,9739458502.959684,9.988534811528107,True,0.9488726715631394,0.4299436474386436,0.2501942173127903,0.1138310777204054,0.029569378207460032,0.008409876732758491,0.0003269549477035926,1.8906469730164e-08,5.506657783842182e-17,48.540542005930156,175,140324.3260326474,100,9.940657310999322,True,130,109798.22513332468,84,9.87036193041447,True,165,128440.04280715852,77,9.94617534982251,True,170,141385.30909208307,81,9.93988079369199,True
MO_m0-384k_s1235,MO,1235,384k,MO-ADAM,384000,0.418,180804.403541903,1.0177987028910001e-11,640,94,229,324,410,479,1.9828536134739713e-05,9118393930.509706,9.959918350549762,True,0.9289495914974981,0.4090183252646102,0.24665782443961248,0.1114676362427694,0.029940022999673473,0.009219809932055801,0.00031726992912634673,1.8343418132169038e-08,5.629280498442707e-17,50.29409257754947,175,145459.10493047,99,9.949593487840108,True,130,111544.62845375648,84,9.869190425431368,True,165,119136.48396707834,82,9.933964731292342,True,170,139502.60976539296,77,9.91906255685274,True
MO_m0-384k_s1236,MO,1236,384k,MO-ADAM,384000,0.419,184684.19329976809,1.0464524188790592e-11,640,106,249,350,436,505,1.8964043990915077e-05,9738650331.55602,9.98849877267195,True,0.9316919771909666,0.37417404656152653,0.24975814667506938,0.11332584471435755,0.030860037403183778,0.011718007476853363,0.0006779722384262426,8.345096775088868e-08,5.666172075595672e-17,55.57353668700696,175,142513.30495044182,105,9.96471561833863,True,130,117870.83106682687,87,9.857416920509298,True,165,121692.44998930885,90,9.91155558868427,True,170,141158.35525598994,85,9.918944608862796,True
MO_m0-512k_s1234,MO,1234,512k,MO-ADAM,512000,0.39625,174086.44382193853,9.554927650455474e-12,640,96,232,330,415,483,1.8883000064404576e-05,9219215338.038387,9.964693959138055,True,0.8518964776818511,0.4080348640598107,0.23623175561697216,0.11628104788713158,0.030482652888388362,0.009380168591915655,0.0003824414455218921,2.354699833984748e-08,5.488610968599356e-17,52.02955480638235,175,126755.39712623558,102,9.962735688190323,True,130,92764.272643008,87,9.74208852393662,True,165,119712.75045921258,78,9.987158703815155,True,170,132260.0506458119,82,9.817346874867836,True
MO_m0-512k_s1235,MO,1235,512k,MO-ADAM,512000,0.36975,162923.6208001781,9.467406308149672e-12,640,95,229,326,413,480,1.69351567929778e-05,9620437696.079361,9.983194831358785,True,0.808680928519551,0.3964691681546133,0.2375991078237909,0.1143473647408841,0.029820100487624613,0.009054498184545817,0.0003304547928940289,2.227211979132027e-08,5.810947646296923e-17,51.83979216419739,175,124061.96125127323,99,9.987270113951686,True,130,94172.86929117127,85,9.720383626634597,True,165,101700.9759967617,81,9.948158972338703,True,170,117188.4825834722,77,9.925982926875639,True
MO_m0-512k_s1236,MO,1236,512k,MO-ADAM,512000,0.34625,170364.33919550688,9.63807779087132e-12,640,107,248,352,437,505,1.8741652832488188e-05,9090144861.726631,9.958570804250265,True,0.7222883346282347,0.3626269266476915,0.23008032374172838,0.10989551663034791,0.0311014328694633,0.011374695884998646,0.0006408500591679184,8.695603525050954e-08,5.657332888082197e-17,58.41721339773468,175,120999.73845818354,107,9.886188279294615,True,130,95581.06514300597,88,9.697421772323993,True,165,102560.03834788116,89,9.894630928269235,True,170,113183.8248943748,85,9.9275549003325,True
MO_m0-640k_s1234,MO,1234,640k,MO-ADAM,640000,0.37025,165767.30450641914,8.401757890069138e-12,640,93,232,332,416,484,1.882200006451104e-05,8807103598.88767,9.944833105025017,True,0.512324121622364,0.3747552574306845,0.23879385978057655,0.11024851710496782,0.02880921069830568,0.008689147605516175,0.0003772354836994975,2.5992141267369117e-08,5.0684047225632424e-17,54.99192434988589,175,102529.8240492935,103,9.740693401227187,True,130,84530.74049017798,86,9.71890085004828,True,165,95629.44678391771,78,9.998364882944706,True,170,103382.96802148521,84,9.944031240861152,True
MO_m0-640k_s1235,MO,1235,640k,MO-ADAM,640000,0.3215,155375.7327443737,8.101195123193419e-12,640,89,228,325,412,481,1.6775313204647342e-05,9262165829.567299,9.966712552324177,True,0.4420727233986116,0.33114946512327587,0.1991816733092686,0.11613124040114423,0.030873359842483614,0.008099729530726804,0.0003156398772606957,2.179999343924351e-08,5.213938483251832e-17,56.07608226233024,175,98080.09119255534,102,9.868874282721979,True,130,75339.52476420315,87,9.548542550454393,True,165,81341.30974953511,82,9.988636395313552,True,170,86351.19904448799,77,9.910550028613054,True
MO_m0-640k_s1236,MO,1236,640k,MO-ADAM,640000,0.296,150751.81194821082,9.052939001241922e-12,640,104,246,350,436,504,1.52507188615256e-05,9884898759.003838,9.994972225634402,True,0.5090364444007563,0.3347498011874431,0.23016508396736807,0.12013507458555006,0.031393752555154024,0.011155036401140104,0.0006101241639833994,8.092468865742185e-08,6.005194156042359e-17,60.57341593028228,175,99392.22711852177,107,9.80831451758651,True,130,78312.0676273976,88,9.973195944488475,True,165,83609.42785820697,88,9.938531456137609,True,170,88575.46814266974,86,9.973369649780826,True
MO_ml-384k_s1234,MO,1234,384k,MO-LBFGS,384000,0.38875,192312.4000612439,1.0528766570931799e-11,640,88,227,322,406,475,2.1023220532165543e-05,9147618452.035254,9.9613080418517,True,0.888182651604221,0.42871072508387265,0.2515947733850392,0.1121477436443713,0.029152945542723466,0.008104830056346886,0.0002999403553910545,1.4703741646104893e-08,5.474824591434979e-17,47.904421106717045,175,143890.53517209383,98,9.82444432530969,True,130,112066.66626744691,84,9.879061597316218,True,165,132591.53136643113,76,9.973468542905339,True,170,145894.7366455086,81,9.820642122096707,True
MO_ml-384k_s1235,MO,1235,384k,MO-LBFGS,384000,0.4935,201378.4216475458,1.1127376905618465e-11,640,94,227,324,410,477,2.03585596401151e-05,9891584925.818813,9.995265884053131,True,0.8491571290728591,0.3995347658064828,0.2574098991544961,0.10850582039732391,0.0290753605536051,0.009122378444222288,0.00031376321633124415,1.9720013765555652e-08,5.525605382434516e-17,50.56190453607535,175,154488.9977669267,98,9.963990454166682,True,130,122355.84253349903,84,9.997739108625575,True,165,122814.97335167624,81,9.970945417782533,True,170,148439.91769867705,78,9.866679932309752,True
MO_ml-384k_s1236,MO,1236,384k,MO-LBFGS,384000,0.6365000000000001,194502.56460382394,1.1452443002560557e-11,640,110,248,351,438,505,2.2535543385619392e-05,8630924104.00638,9.93605729766014,True,0.9168737294222419,0.41174966484041653,0.26239502691807276,0.11855457588762724,0.03280720803923709,0.012523570470012287,0.0007187918734966931,8.354666820220844e-08,5.888067864754211e-17,56.93637197574419,175,149275.0544085272,106,9.896572759709823,True,130,126352.73142603975,87,9.872851794930336,True,165,130831.85440483724,91,9.967663080103813,True,170,148966.54636591507,85,9.932095272374793,True
MO_ml-512k_s1234,MO,1234,512k,MO-LBFGS,512000,0.761,197629.51128965543,1.1477472808760213e-11,640,97,230,325,409,478,1.9799714006908612e-05,9981432621.738758,9.99919287947007,True,0.8786800067977151,0.46180745279138047,0.2763228069856726,0.12198486174006162,0.03236213186949911,0.009392384107147019,0.00035240734828306217,1.868028783513993e-08,5.807570303575902e-17,50.74089307116049,175,146577.68032278103,98,9.84975815151088,True,130,115788.66038021691,85,9.733697932624748,True,165,138309.82478787765,78,9.929055951289518,True,170,150089.14598168872,81,9.771817938446656,True
MO_ml-512k_s1235,MO,1235,512k,MO-LBFGS,512000,0.88125,202618.44260604086,1.1319704977340389e-11,640,100,230,325,412,479,2.0385373977403114e-05,9939402771.351677,9.997360289739495,True,0.8600960769865265,0.4010030446347435,0.26573555308345653,0.11548408565406788,0.031158460824916353,0.010178364788690232,0.00035140701937929085,2.040353005334641e-08,5.586710090033484e-17,52.53886935741896,175,156177.08284802706,97,9.879136811222125,True,130,124142.86181814958,85,9.869449001138154,True,165,125185.4650288835,82,9.974544605935433,True,170,149725.5746239964,78,9.830223081967377,True
MO_ml-512k_s1236,MO,1236,512k,MO-LBFGS,512000,1.0,194204.18873491025,1.1973872352033256e-11,640,111,249,352,439,507,2.0509573801778966e-05,9468952919.834215,9.976301957220812,True,0.9229263269502154,0.4160557474250156,0.2671476021293998,0.12020914564970851,0.033504946111377644,0.012839915406772337,0.0007459320427695618,8.564635941854397e-08,6.165609727593289e-17,57.623417055238285,175,149403.543577306,106,9.945155652524578,True,130,126686.18948422321,87,9.853773322184429,True,165,131519.87306996598,91,9.934137098226698,True,170,149134.5051859062,85,9.93141435103587,True
MO_ml-623k_s1234,MO,1234,623k,MO-LBFGS,623360,1.0,199129.28304170907,1.2067140373618564e-11,640,99,231,326,409,477,2.0168141259480483e-05,9873457374.169468,9.994469255567378,True,0.874353195965615,0.47322993872419633,0.28302802339728095,0.12500625581070662,0.032648241557703774,0.009835883092855787,0.0003682407133862314,1.797597747281839e-08,6.059952704741579e-17,51.205882641640486,175,147381.128801119,98,9.933591797019728,True,130,116572.6039056919,85,9.72849495165214,True,165,139838.87789045542,78,9.913323321727603,True,170,151307.97429447545,81,9.767851955394876,True
MO_ml-623k_s1235,MO,1235,623k,MO-LBFGS,623360,1.0,202993.23048804922,1.1566705927454805e-11,640,100,230,325,413,479,2.066609372378929e-05,9822525398.420036,9.992223160454515,True,0.862090689951575,0.39966663284917786,0.2674890304604413,0.11749148576943505,0.031880776902528433,0.010355342746209776,0.0003514322591083849,1.957398508059512e-08,5.698074709016353e-17,53.00412982036424,175,156532.85447832523,97,9.874236970321663,True,130,124679.5338973865,85,9.86121290107739,True,165,125820.53666013954,83,9.997585830310793,True,170,150103.681252827,78,9.840432812274855,True
MO_ml-623k_s1236,MO,1236,623k,MO-LBFGS,623360,1.0,194130.64752288576,1.2137226044364563e-11,640,111,249,352,439,507,2.0292231481885558e-05,9566747141.445831,9.9807642952832,True,0.925184202548316,0.41745456492891797,0.2685136075004413,0.12067725336384082,0.03401694985835348,0.012923525722538645,0.0007421986168359906,8.63619791401499e-08,6.252091670859814e-17,57.81684339947054,175,149466.68858929357,106,9.958873375960286,True,130,126828.07839626762,87,9.853996622234424,True,165,131724.57016282785,91,9.936347795947992,True,170,149224.16154941753,85,9.930158521711926,True
