L2_paper,L2_late_paper,RMSE_paper,maxerr_paper,L2_exact,L2_late_exact,RMSE_exact,maxerr_exact,collapse_time_s,persistence_cycles,collapse_time_vel_s,persistence_cycles_vel,full_window_cycles,amplitude_ratio,max_ut_ratio,fit_w,fit_decay,frequency_error_exact,phase_error_exact,amplitude_error_exact,R_dense,R_train,n_train_points,R_train_active,G,dR,pde_evaluations,train_seconds,checkpoint,arm,seed
0.8694091168116244,1.1077584990452187,0.01163963920018155,0.05934016219361714,0.8694227462539911,1.1077442034500644,0.011639771249672663,0.05934155670449393,0.0345,0.7101015111154739,0.04175,0.859325741712204,20.582652496100692,0.3990935285551283,0.8223628413162757,113.30216181108759,29.423887063773208,0.12389333111227661,0.07338437284258159,0.10383549028863923,0.17869230746173365,0.1842771193326054,640,0.1842771193326054,0.9696934058276024,-0.005584811870871759,128000,263.3021578279968,step_1000.pt,B1,1234
0.7236043435358545,1.116522790563625,0.00968760658196143,0.043240411344792624,0.7236314965336258,1.1165421493413017,0.009687928139677466,0.04324253746398766,0.079,1.6260295471919548,0.068,1.3996203697348473,20.582652496100692,0.5242399382955054,0.9322807507231975,124.37422809026214,16.00396625815458,0.038278803105958846,0.01977563563829321,0.09517037513755253,0.1399495826001786,0.1315200249243008,640,0.1315200249243008,1.064093340012136,0.008429557675877802,256000,533.3345083289951,step_2000.pt,B1,1234
0.6166139727215879,1.0597104526504404,0.008255220734963783,0.03600678814349799,0.6166414930744787,1.0597462765166676,0.008255553415606983,0.03600841667175603,0.105,2.1611785120905727,0.115,2.36700503705158,20.582652496100692,0.5977357693043439,0.9068760531413972,127.62781486558008,11.404293200423792,0.013120509335592265,0.017921284707111074,0.05625245689113298,0.09375814063834012,0.09080612944070587,640,0.09080612944070587,1.0325089420264504,0.0029520111976342467,384000,802.6406646640062,step_3000.pt,B1,1234
0.5590509001435289,1.0696737289376044,0.0074845669850702855,0.03213938864613441,0.5590781113123265,1.06970334810703,0.007484898864692704,0.03214089794631546,0.13,2.67574482449309,0.14025,2.8867170125781225,20.582652496100692,0.6645660943542623,0.9655234624920243,127.85884483117248,9.957341122096485,0.011334074811016457,0.03790731164347294,0.09966342166824697,0.09643532193725986,0.09048585460829488,640,0.09048585460829488,1.0657502474250775,0.00594946732896498,512000,1081.8305820720234,step_4000.pt,B1,1234
0.5263551281416545,1.0668010149273375,0.0070468363676725,0.029315045207351974,0.5263868153173645,1.0668393562637382,0.007047230067923573,0.029315846043628982,0.15325,3.1542914950274312,0.16325,3.360118019988438,20.582652496100692,0.6852344234305555,0.9305816700304187,128.07802380678396,8.981398750079364,0.009639277826177196,0.017973383057498182,0.07508236660778518,0.11022354745212025,0.10206546306924,640,0.10206546306924,1.0799299208327298,0.008158084382880251,640000,1296.5345408740704,step_5000.pt,B1,1234
0.8694091168116244,1.1077584990452187,0.01163963920018155,0.05934016219361714,0.8694227462539911,1.1077442034500644,0.011639771249672663,0.05934155670449393,0.0345,0.7101015111154739,0.04175,0.859325741712204,20.582652496100692,0.3990935285551283,0.8223628413162757,113.30216181108759,29.423887063773208,0.12389333111227661,0.07338437284258159,0.10383549028863923,0.17869230746173365,0.1842771193326054,640,0.1842771193326054,0.9696934058276024,-0.005584811870871759,128000,264.23225724995064,step_1000.pt,LBFGS-F,1234
0.7236043435358545,1.116522790563625,0.00968760658196143,0.043240411344792624,0.7236314965336258,1.1165421493413017,0.009687928139677466,0.04324253746398766,0.079,1.6260295471919548,0.068,1.3996203697348473,20.582652496100692,0.5242399382955054,0.9322807507231975,124.37422809026214,16.00396625815458,0.038278803105958846,0.01977563563829321,0.09517037513755253,0.1399495826001786,0.1315200249243008,640,0.1315200249243008,1.064093340012136,0.008429557675877802,256000,530.5358148689611,step_2000.pt,LBFGS-F,1234
0.655505070409335,1.067726471044248,0.008775894300988137,0.03712953320174095,0.6555341136042703,1.0677760172899855,0.008776245113883356,0.037130775838262624,0.082,1.6877775046802568,0.09175,1.8884583665172385,20.582652496100692,0.5803359627112803,0.9429482590985379,126.62691509803311,12.976531946608421,0.020859946493888917,0.010012281809338663,0.09261366340702222,0.10990964223688209,0.1066689477290265,640,0.1066689477290265,1.0303808613176535,0.0032406945078555793,320000,661.6300971919518,switch.pt,LBFGS-F,1234
0.6411539544436491,1.0456562712919457,0.008583761726426298,0.03578899989529153,0.6411691258598083,1.0456965013460837,0.008583927657191188,0.03578846059018862,0.08,1.6466121996880554,0.08650000000000001,1.78039944091271,20.582652496100692,0.5811194753153158,0.9652675814779839,128.40531975359943,13.296022742370958,0.0071084685536846335,0.004392046742946576,0.1057301561393363,0.1282113396522509,0.022683979115978126,640,0.022683979115978126,5.652065671403369,0.10552736053627278,384000,784.3335235049526,step_3000.pt,LBFGS-F,1234
0.6644751693987486,1.0664505054725943,0.008895985882509139,0.04380086253090402,0.6644819432183422,1.0664430114804888,0.00889603803434419,0.04380032322580111,0.078,1.605446894695854,0.06975,1.4356400116030235,20.582652496100692,0.554848063091865,0.9557237579464195,129.3194312155964,14.989723366511175,4.0120208332134884e-05,0.028263195821964793,0.10689105795243337,0.15914327334428807,0.00846418487034462,640,0.00846418487034462,18.801960942732638,0.15067908847394346,512000,1001.3968167909534,step_4000.pt,LBFGS-F,1234
0.671051622340757,1.0675552975536193,0.008984031358432685,0.04585680554314157,0.671054827058722,1.0675472147706762,0.008984035345988415,0.04585626623803866,0.0775,1.5951555684478036,0.06975,1.4356400116030235,20.582652496100692,0.5554467305643689,0.9612544213216411,129.39141111683844,15.629122032754767,0.000516462918556199,0.019180714112204456,0.12694912038870448,0.17036150826137794,0.0048252758393114575,640,0.0048252758393114575,35.306066209406104,0.1655362324220665,623360,1168.5686221539527,final.pt,LBFGS-F,1234
0.8694091168116244,1.1077584990452187,0.01163963920018155,0.05934016219361714,0.8694227462539911,1.1077442034500644,0.011639771249672663,0.05934155670449393,0.0345,0.7101015111154739,0.04175,0.859325741712204,20.582652496100692,0.3990935285551283,0.8223628413162757,113.30216181108759,29.423887063773208,0.12389333111227661,0.07338437284258159,0.10383549028863923,0.17869230746173365,0.1842771193326054,640,0.1842771193326054,0.9696934058276024,-0.005584811870871759,128000,262.2893798189816,step_1000.pt,LBFGS-R,1234
0.7236043435358545,1.116522790563625,0.00968760658196143,0.043240411344792624,0.7236314965336258,1.1165421493413017,0.009687928139677466,0.04324253746398766,0.079,1.6260295471919548,0.068,1.3996203697348473,20.582652496100692,0.5242399382955054,0.9322807507231975,124.37422809026214,16.00396625815458,0.038278803105958846,0.01977563563829321,0.09517037513755253,0.1399495826001786,0.1315200249243008,640,0.1315200249243008,1.064093340012136,0.008429557675877802,256000,530.7566453149411,step_2000.pt,LBFGS-R,1234
0.655505070409335,1.067726471044248,0.008775894300988137,0.03712953320174095,0.6555341136042703,1.0677760172899855,0.008776245113883356,0.037130775838262624,0.082,1.6877775046802568,0.09175,1.8884583665172385,20.582652496100692,0.5803359627112803,0.9429482590985379,126.62691509803311,12.976531946608421,0.020859946493888917,0.010012281809338663,0.09261366340702222,0.10990964223688209,0.1066689477290265,640,0.1066689477290265,1.0303808613176535,0.0032406945078555793,320000,661.4736922599495,switch.pt,LBFGS-R,1234
0.6191872238750341,1.070906239873206,0.00828967139164358,0.035100864598137424,0.6192119322768895,1.0709656123384754,0.008289966276848729,0.03510249312639546,0.1055,2.171469838338623,0.115,2.36700503705158,20.582652496100692,0.6302532037333717,0.9599501202399305,128.1399708642036,11.945643572135769,0.009160273460719362,0.0368678137897156,0.13374728856187015,0.12321382534621218,0.04756369827784406,640,0.04756369827784406,2.5905013656939957,0.07565012706836813,384000,775.2613012109505,step_3000.pt,LBFGS-R,1234
0.5691515125863684,1.071892212934195,0.007619793867630097,0.03281639340481215,0.5691816168708543,1.0719465109335944,0.007620163894308925,0.032817194241089157,0.15175,3.12341751628328,0.13975,2.876425686330072,20.582652496100692,0.6621729835944983,0.9871325276164951,127.51009092432048,10.243370147401759,0.014030807324409521,0.06549769099026248,0.11561369557329898,0.08587073300345531,0.04294239885460551,640,0.04294239885460551,1.9996724750798545,0.0429283341488498,512000,989.5563592999497,step_4000.pt,LBFGS-R,1234
0.5284640383676129,1.0813771598617228,0.007075070433385718,0.030271739824487928,0.5285006704823623,1.081447189310788,0.007075530213832482,0.030274427237743498,0.17500000000000002,3.6019641868176215,0.16375,3.3704093462364884,20.582652496100692,0.7083508769898482,0.9688979774728284,127.63865616338653,9.176092399798225,0.013036679220122218,0.04547188778485989,0.12697847947348206,0.07828948294860057,0.04238256900569953,640,0.04238256900569953,1.8472094727922779,0.035906913942901034,623360,1157.9033729389485,final.pt,LBFGS-R,1234
0.8694091168116244,1.1077584990452187,0.01163963920018155,0.05934016219361714,0.8694227462539911,1.1077442034500644,0.011639771249672663,0.05934155670449393,0.0345,0.7101015111154739,0.04175,0.859325741712204,20.582652496100692,0.3990935285551283,0.8223628413162757,113.30216181108759,29.423887063773208,0.12389333111227661,0.07338437284258159,0.10383549028863923,0.17869230746173365,0.1842771193326054,640,0.1842771193326054,0.9696934058276024,-0.005584811870871759,128000,261.8626023939487,step_1000.pt,LBFGS-4X,1234
0.7236043435358545,1.116522790563625,0.00968760658196143,0.043240411344792624,0.7236314965336258,1.1165421493413017,0.009687928139677466,0.04324253746398766,0.079,1.6260295471919548,0.068,1.3996203697348473,20.582652496100692,0.5242399382955054,0.9322807507231975,124.37422809026214,16.00396625815458,0.038278803105958846,0.01977563563829321,0.09517037513755253,0.1399495826001786,0.1315200249243008,640,0.1315200249243008,1.064093340012136,0.008429557675877802,256000,524.747730195948,step_2000.pt,LBFGS-4X,1234
0.655505070409335,1.067726471044248,0.008775894300988137,0.03712953320174095,0.6555341136042703,1.0677760172899855,0.008776245113883356,0.037130775838262624,0.082,1.6877775046802568,0.09175,1.8884583665172385,20.582652496100692,0.5803359627112803,0.9429482590985379,126.62691509803311,12.976531946608421,0.020859946493888917,0.010012281809338663,0.09261366340702222,0.10990964223688209,0.11053762296957756,2560,0.1066689477290265,0.9943188507602673,-0.0006279807326954739,320000,654.602712044938,switch.pt,LBFGS-4X,1234
0.6191872238750341,1.070906239873206,0.00828967139164358,0.035100864598137424,0.6192119322768895,1.0709656123384754,0.008289966276848729,0.03510249312639546,0.1055,2.171469838338623,0.115,2.36700503705158,20.582652496100692,0.6302532037333717,0.9599501202399305,128.1399708642036,11.945643572135769,0.009160273460719362,0.0368678137897156,0.13374728856187015,0.12321382534621218,0.11015394674130562,2560,0.04756369827784406,1.118560242199741,0.013059878604906566,384000,778.9671746859385,step_3000.pt,LBFGS-4X,1234
0.5781829479706817,1.0822326823622979,0.0077407066200965964,0.034132098883003524,0.5782132478395164,1.0822983329217026,0.007741078741475775,0.03413289971928053,0.12925,2.6603078351210145,0.13525,2.783803750097619,20.582652496100692,0.6815012963197693,0.972384668690817,127.86107091650327,10.534627294076671,0.011316861651332267,0.005218296727393934,0.15325048411757275,0.11027136072069849,0.09506593048894658,2560,0.03428644214830481,1.1599461568781453,0.015205430231751901,512000,989.1216073069372,step_4000.pt,LBFGS-4X,1234
0.8694091168116244,1.1077584990452187,0.01163963920018155,0.05934016219361714,0.8694227462539911,1.1077442034500644,0.011639771249672663,0.05934155670449393,0.0345,0.7101015111154739,0.04175,0.859325741712204,20.582652496100692,0.3990935285551283,0.8223628413162757,113.30216181108759,29.423887063773208,0.12389333111227661,0.07338437284258159,0.10383549028863923,0.17869230746173365,0.1842771193326054,640,0.1842771193326054,0.9696934058276024,-0.005584811870871759,128000,261.9887074010112,step_1000.pt,ADAM-FULL,1234
0.7236043435358545,1.116522790563625,0.00968760658196143,0.043240411344792624,0.7236314965336258,1.1165421493413017,0.009687928139677466,0.04324253746398766,0.079,1.6260295471919548,0.068,1.3996203697348473,20.582652496100692,0.5242399382955054,0.9322807507231975,124.37422809026214,16.00396625815458,0.038278803105958846,0.01977563563829321,0.09517037513755253,0.1399495826001786,0.1315200249243008,640,0.1315200249243008,1.064093340012136,0.008429557675877802,256000,528.1587922790295,step_2000.pt,ADAM-FULL,1234
0.655505070409335,1.067726471044248,0.008775894300988137,0.03712953320174095,0.6555341136042703,1.0677760172899855,0.008776245113883356,0.037130775838262624,0.082,1.6877775046802568,0.09175,1.8884583665172385,20.582652496100692,0.5803359627112803,0.9429482590985379,126.62691509803311,12.976531946608421,0.020859946493888917,0.010012281809338663,0.09261366340702222,0.10990964223688209,0.1066689477290265,640,0.1066689477290265,1.0303808613176535,0.0032406945078555793,320000,659.356070435022,switch.pt,ADAM-FULL,1234
0.6390224292542651,1.0639436072846522,0.008555224891844309,0.03552519822374811,0.6390486369172491,1.0639919886747566,0.008555538698729733,0.03552788889498621,0.08125,1.6723405153081814,0.0905,1.8627300508971125,20.582652496100692,0.5954632516896478,0.9642862556807119,126.86912143788497,12.711906404258848,0.01898709088196416,0.03710091872280241,0.11504127534044323,0.09396746242215862,0.04586653344050449,640,0.04586653344050449,2.0487151605657745,0.04810092898165413,384000,761.5358049290207,step_3000.pt,ADAM-FULL,1234
0.6317706682965225,1.0588288015937712,0.008458138400016807,0.034283062244900735,0.6317935845772131,1.0588772036971215,0.00845840856266385,0.034284571545081785,0.08125,1.6723405153081814,0.09,1.8524387246490623,20.582652496100692,0.6028929238690623,0.9743601047237033,127.25417597733546,12.64990157445325,0.016009664463035447,0.04378879839954131,0.12582077744933115,0.10679347088790896,0.03307951558843051,640,0.03307951558843051,3.228386782219379,0.07371395529947844,512000,963.9085433000309,step_4000.pt,ADAM-FULL,1234
0.6304788088514952,1.0550995101233853,0.008440843000708588,0.03394911977196601,0.630499900791463,1.0551467981748712,0.008441088814129066,0.03395062907214706,0.081,1.6671948521841562,0.0895,1.842147398401012,20.582652496100692,0.6022969763767643,0.975791481200065,127.5071137650852,12.694154920138493,0.014053828147831439,0.039550472867487585,0.12571798039133167,0.11320947788574248,0.02850367323554782,640,0.02850367323554782,3.971750481076783,0.08470580465019466,623360,1131.1073704290175,final.pt,ADAM-FULL,1234
0.8988305765029951,1.0267265538102655,0.01203353336223741,0.06461227149121358,0.8988423277826806,1.0266487644116078,0.012033638560748284,0.06461303473368116,0.0345,0.7101015111154739,0.04175,0.859325741712204,20.582652496100692,0.38855994438258257,0.8033021088601835,105.1877402719553,35.2867071751315,0.1866379311354713,0.2124477394879989,0.19936488954903467,0.18962904110464437,0.15646799376987927,640,0.15646799376987927,1.211935019653513,0.033161047334765104,128000,258.08774025799175,step_1000.pt,B1,1235
0.8604558878294041,1.0245671902676463,0.011519773474121729,0.05878379008754185,0.8604726137274833,1.0245301727490692,0.011519947497980328,0.058785184598418645,0.0345,0.7101015111154739,0.04275,0.8799083942083047,20.582652496100692,0.4157111330841507,0.8873952605683416,115.77961313218914,26.81602364012264,0.1047364890047029,0.14541084020314266,0.12604098340730202,0.16581794036688946,0.12840250083646396,640,0.12840250083646396,1.2913918287158486,0.037415439530425504,256000,520.7653387369628,step_2000.pt,B1,1235
0.7723947343859678,1.0458839029192104,0.010340811770347102,0.04665676515286393,0.7724217346764571,1.0458930013052132,0.010341128454077458,0.04665869828812954,0.07825,1.6105925578198792,0.06725,1.3841833803627717,20.582652496100692,0.5068867542362142,0.9131876246150649,122.43819767373081,17.001768388977723,0.05324911904680249,0.0730021392076119,0.09336775076307684,0.12861693483579614,0.14121159587692797,640,0.14121159587692797,0.9108100084634082,-0.012594661041131827,384000,789.161552384965,step_3000.pt,B1,1235
0.6470828358537283,1.0887724376445698,0.008663137522170268,0.03877904558435907,0.6471141594988148,1.088791680716143,0.008663519354012779,0.03878173625559717,0.10475,2.1560328489665475,0.11375,2.341276721431454,20.582652496100692,0.6014690394081715,0.9548392286108827,126.08722665666846,11.993235009895761,0.02503307642400926,0.0713696266389241,0.09580223808823149,0.10641525415001614,0.10091636825165196,640,0.10091636825165196,1.0544895341918348,0.005498885898364184,512000,1065.33012288996,step_4000.pt,B1,1235
0.5485256317083388,1.0604368374561477,0.007343654812996506,0.029539068165325,0.5485542463765377,1.0604790458440878,0.007344006092973976,0.02954102871951067,0.151,3.1079805269112044,0.14,2.8815713494540973,20.582652496100692,0.6599754857063753,0.9239035792830711,128.1522264464256,9.46986524222189,0.009065507419682163,0.01179064494662141,0.06459232450797853,0.09714210572422859,0.08765002794904188,640,0.08765002794904188,1.1082952053444322,0.009492077775186708,640000,1312.5108253339768,step_5000.pt,B1,1235
0.8988305765029951,1.0267265538102655,0.01203353336223741,0.06461227149121358,0.8988423277826806,1.0266487644116078,0.012033638560748284,0.06461303473368116,0.0345,0.7101015111154739,0.04175,0.859325741712204,20.582652496100692,0.38855994438258257,0.8033021088601835,105.1877402719553,35.2867071751315,0.1866379311354713,0.2124477394879989,0.19936488954903467,0.18962904110464437,0.15646799376987927,640,0.15646799376987927,1.211935019653513,0.033161047334765104,128000,266.56498026298686,step_1000.pt,LBFGS-F,1235
0.8604558878294041,1.0245671902676463,0.011519773474121729,0.05878379008754185,0.8604726137274833,1.0245301727490692,0.011519947497980328,0.058785184598418645,0.0345,0.7101015111154739,0.04275,0.8799083942083047,20.582652496100692,0.4157111330841507,0.8873952605683416,115.77961313218914,26.81602364012264,0.1047364890047029,0.14541084020314266,0.12604098340730202,0.16581794036688946,0.12840250083646396,640,0.12840250083646396,1.2913918287158486,0.037415439530425504,256000,528.0326486859685,step_2000.pt,LBFGS-F,1235
0.8240117947745945,1.0315873903495267,0.01103186037782079,0.05341935115821385,0.8240337683499258,1.03157526428693,0.011032106770757107,0.053421522612563166,0.05625,1.157774202905664,0.04525,0.9313650254485563,20.582652496100692,0.46471563936510163,0.8990598590107897,119.02616114387875,21.424699737871858,0.07963262233137429,0.12016212593860809,0.12786854195630556,0.14091780816766705,0.13257128014705566,640,0.13257128014705566,1.0629587947808374,0.008346528020611393,320000,660.7137377979507,switch.pt,LBFGS-F,1235
0.8313819825164304,0.9995626687042963,0.011130532366063988,0.05032113021972396,0.8314041592625061,0.9995222479260785,0.011130781051609234,0.050323256338918994,0.035250000000000004,0.7255385004875495,0.043250000000000004,0.890199720456355,20.582652496100692,0.42319285302320575,0.7978836217221464,122.05264382903208,21.706025055662625,0.0562304063334393,0.13434833863530393,0.005901181147936608,0.2169726109651804,0.017406849078947854,640,0.017406849078947854,12.464783831991216,0.19956576188623254,384000,777.2507631959488,step_3000.pt,LBFGS-F,1235
0.8405999761444076,1.0027141307637737,0.011253942758138905,0.052214917807374375,0.8406198854405358,1.0026754569987317,0.011254160552633412,0.052216559464280984,0.035250000000000004,0.7255385004875495,0.04275,0.8799083942083047,20.582652496100692,0.41032419219931615,0.7753304786940703,121.80743456614849,23.611342572253758,0.05812648198681959,0.17503311594151683,0.0037692919940179297,0.22895422168412724,0.005138561098294888,640,0.005138561098294888,44.55609601685974,0.22381566058583235,512000,1001.9886130839477,step_4000.pt,LBFGS-F,1235
0.842583893153294,1.006760847329461,0.011280503416107647,0.05242327329376735,0.8426033383718816,1.0067360910365566,0.011280714882508988,0.05242491495067396,0.035,0.7203928373635243,0.0425,0.8747627310842795,20.582652496100692,0.4058111948329028,0.7667873498644846,121.97433586413355,24.0713454001099,0.05683592108424357,0.1867024413702092,0.007258447229990885,0.23083251596583496,0.0030261669108043445,640,0.0030261669108043445,76.27884474636612,0.2278063490550306,623360,1197.9636688409464,final.pt,LBFGS-F,1235
0.8988305765029951,1.0267265538102655,0.01203353336223741,0.06461227149121358,0.8988423277826806,1.0266487644116078,0.012033638560748284,0.06461303473368116,0.0345,0.7101015111154739,0.04175,0.859325741712204,20.582652496100692,0.38855994438258257,0.8033021088601835,105.1877402719553,35.2867071751315,0.1866379311354713,0.2124477394879989,0.19936488954903467,0.18962904110464437,0.15646799376987927,640,0.15646799376987927,1.211935019653513,0.033161047334765104,128000,258.4525926089864,step_1000.pt,LBFGS-R,1235
0.8604558878294041,1.0245671902676463,0.011519773474121729,0.05878379008754185,0.8604726137274833,1.0245301727490692,0.011519947497980328,0.058785184598418645,0.0345,0.7101015111154739,0.04275,0.8799083942083047,20.582652496100692,0.4157111330841507,0.8873952605683416,115.77961313218914,26.81602364012264,0.1047364890047029,0.14541084020314266,0.12604098340730202,0.16581794036688946,0.12840250083646396,640,0.12840250083646396,1.2913918287158486,0.037415439530425504,256000,514.8082398230017,step_2000.pt,LBFGS-R,1235
0.8240117947745945,1.0315873903495267,0.01103186037782079,0.05341935115821385,0.8240337683499258,1.03157526428693,0.011032106770757107,0.053421522612563166,0.05625,1.157774202905664,0.04525,0.9313650254485563,20.582652496100692,0.46471563936510163,0.8990598590107897,119.02616114387875,21.424699737871858,0.07963262233137429,0.12016212593860809,0.12786854195630556,0.14091780816766705,0.13257128014705566,640,0.13257128014705566,1.0629587947808374,0.008346528020611393,320000,645.0213316910158,switch.pt,LBFGS-R,1235
0.8134289904490715,1.0115614363333993,0.0108901779159127,0.04957545559590287,0.8134494581303884,1.011571320445873,0.010890404761784126,0.04957738873116848,0.05075,1.0445696141771101,0.04225,0.8696170679602543,20.582652496100692,0.4292122681085862,0.9308084255947017,122.97522629648768,21.74319233798124,0.049096556110136295,0.08658686987068442,0.03631565705797393,0.19208079920786592,0.05395975286644244,640,0.05395975286644244,3.559704946820113,0.13812104634142347,384000,756.4409614990163,step_3000.pt,LBFGS-R,1235
0.7966604333851413,1.0240075113914684,0.010665680667887988,0.04734453386428573,0.7966828177496594,1.023991660391541,0.010665934146656935,0.04734665998348076,0.0565,1.162919866029689,0.0455,0.9365106885725815,20.582652496100692,0.43785589893522714,0.7155325179544291,125.65331117089745,18.629392237974955,0.02838831911965601,0.1707535848753352,0.04244642950878212,0.1813758747112205,0.05481059857245452,640,0.05481059857245452,3.3091387329306103,0.12656527613876598,512000,989.714149742018,step_4000.pt,LBFGS-R,1235
0.7549944514174022,1.0241547792498042,0.010107856983217756,0.047281841332385194,0.7550184220231425,1.0241585340936452,0.010108134114851902,0.04728485389177647,0.05775,1.1886481816498151,0.06725,1.3841833803627717,20.582652496100692,0.5167990868691695,0.9812393821586491,122.72700312476897,17.095926969472515,0.051015936752474046,0.14144047310810137,0.12909051157984813,0.14857049636740144,0.05325977458090328,640,0.05325977458090328,2.789544220502063,0.09531072178649816,623360,1176.6614288080182,final.pt,LBFGS-R,1235
0.8988305765029951,1.0267265538102655,0.01203353336223741,0.06461227149121358,0.8988423277826806,1.0266487644116078,0.012033638560748284,0.06461303473368116,0.0345,0.7101015111154739,0.04175,0.859325741712204,20.582652496100692,0.38855994438258257,0.8033021088601835,105.1877402719553,35.2867071751315,0.1866379311354713,0.2124477394879989,0.19936488954903467,0.18962904110464437,0.15646799376987927,640,0.15646799376987927,1.211935019653513,0.033161047334765104,128000,257.19779352001206,step_1000.pt,LBFGS-4X,1235
0.8604558878294041,1.0245671902676463,0.011519773474121729,0.05878379008754185,0.8604726137274833,1.0245301727490692,0.011519947497980328,0.058785184598418645,0.0345,0.7101015111154739,0.04275,0.8799083942083047,20.582652496100692,0.4157111330841507,0.8873952605683416,115.77961313218914,26.81602364012264,0.1047364890047029,0.14541084020314266,0.12604098340730202,0.16581794036688946,0.12840250083646396,640,0.12840250083646396,1.2913918287158486,0.037415439530425504,256000,517.1374067110246,step_2000.pt,LBFGS-4X,1235
0.8240117947745945,1.0315873903495267,0.01103186037782079,0.05341935115821385,0.8240337683499258,1.03157526428693,0.011032106770757107,0.053421522612563166,0.05625,1.157774202905664,0.04525,0.9313650254485563,20.582652496100692,0.46471563936510163,0.8990598590107897,119.02616114387875,21.424699737871858,0.07963262233137429,0.12016212593860809,0.12786854195630556,0.14091780816766705,0.13906568707495018,2560,0.13257128014705566,1.0133183183549703,0.001852121092716874,320000,646.8589254620256,switch.pt,LBFGS-4X,1235
0.8134289904490715,1.0115614363333993,0.0108901779159127,0.04957545559590287,0.8134494581303884,1.011571320445873,0.010890404761784126,0.04957738873116848,0.05075,1.0445696141771101,0.04225,0.8696170679602543,20.582652496100692,0.4292122681085862,0.9308084255947017,122.97522629648768,21.74319233798124,0.049096556110136295,0.08658686987068442,0.03631565705797393,0.19208079920786592,0.1700916303541553,2560,0.05395975286644244,1.1292783707694847,0.021989168853710606,384000,771.1245837690258,step_3000.pt,LBFGS-4X,1235
0.8097020278881265,1.0054609218588986,0.010840281384253272,0.04726619067031198,0.8097185738610906,1.0054713581520298,0.010840455942707638,0.047266306179766286,0.03375,0.6946645217433984,0.0415,0.8541800785881788,20.582652496100692,0.40640686457128106,0.8906920115595295,126.05750773736199,23.384187520663954,0.02526287736496528,0.00483019131347362,0.0037580996597750475,0.20349202260908142,0.1711692351140269,2560,0.02754185401796551,1.188835262794288,0.03232278749505452,512000,997.7097479520235,step_4000.pt,LBFGS-4X,1235
0.8038092056334194,1.0168139515147938,0.010761388348064357,0.047395391188443235,0.8038203406644382,1.016803043988116,0.010761490806952836,0.04739550669789754,0.03375,0.6946645217433984,0.04125,0.8490344154641536,20.582652496100692,0.3983706587978689,0.9050520117730915,127.94646139769482,24.45842868335579,0.010656581486897397,0.0017996847117025538,0.005740686840450108,0.20371419921524755,0.17302684167452492,2560,0.04929865722250594,1.1773560520653068,0.030687357540722632,623360,1185.984306258024,final.pt,LBFGS-4X,1235
0.8988305765029951,1.0267265538102655,0.01203353336223741,0.06461227149121358,0.8988423277826806,1.0266487644116078,0.012033638560748284,0.06461303473368116,0.0345,0.7101015111154739,0.04175,0.859325741712204,20.582652496100692,0.38855994438258257,0.8033021088601835,105.1877402719553,35.2867071751315,0.1866379311354713,0.2124477394879989,0.19936488954903467,0.18962904110464437,0.15646799376987927,640,0.15646799376987927,1.211935019653513,0.033161047334765104,128000,262.5452161719695,step_1000.pt,ADAM-FULL,1235
0.8604558878294041,1.0245671902676463,0.011519773474121729,0.05878379008754185,0.8604726137274833,1.0245301727490692,0.011519947497980328,0.058785184598418645,0.0345,0.7101015111154739,0.04275,0.8799083942083047,20.582652496100692,0.4157111330841507,0.8873952605683416,115.77961313218914,26.81602364012264,0.1047364890047029,0.14541084020314266,0.12604098340730202,0.16581794036688946,0.12840250083646396,640,0.12840250083646396,1.2913918287158486,0.037415439530425504,256000,525.1353616529505,step_2000.pt,ADAM-FULL,1235
0.8240117947745945,1.0315873903495267,0.01103186037782079,0.05341935115821385,0.8240337683499258,1.03157526428693,0.011032106770757107,0.053421522612563166,0.05625,1.157774202905664,0.04525,0.9313650254485563,20.582652496100692,0.46471563936510163,0.8990598590107897,119.02616114387875,21.424699737871858,0.07963262233137429,0.12016212593860809,0.12786854195630556,0.14091780816766705,0.13257128014705566,640,0.13257128014705566,1.0629587947808374,0.008346528020611393,320000,657.6322722679561,switch.pt,ADAM-FULL,1235
0.827555545937917,1.0184253474773501,0.011079304077407889,0.0541429217434647,0.8275782171374584,1.0184047493212642,0.011079559604572202,0.05414509319781402,0.05575,1.1474828766576137,0.04525,0.9313650254485563,20.582652496100692,0.4502493975055401,0.8015107495147079,120.9218104615196,20.662801048842173,0.06497455241893345,0.03751073222493195,0.04686206648566239,0.15311828048459675,0.06532521560315807,640,0.06532521560315807,2.343938386897485,0.08779306488143868,384000,759.4777574619657,step_3000.pt,ADAM-FULL,1235
0.8253122769785154,1.0095218206192178,0.011049271218525345,0.05230395453937077,0.8253354265620979,1.0094917213526227,0.011049533280358122,0.05230612599372009,0.055,1.1320458872855381,0.0445,0.9159280360764808,20.582652496100692,0.44578836039729797,0.8034371625133491,121.48212287480975,20.430497400526768,0.06064194804407115,0.0702422015950952,0.026769366380805872,0.1783661276424607,0.043237907473029386,640,0.043237907473029386,4.125225712037998,0.13512822016943132,512000,961.862545781958,step_4000.pt,ADAM-FULL,1235
0.8235628284293306,1.007030188853857,0.011025849621583195,0.05144247985246398,0.8235860938295002,1.0069964284247561,0.01102611333541795,0.051444605971659015,0.0545,1.1217545610374877,0.04425,0.9107823729524556,20.582652496100692,0.44307181740772916,0.8085120077936873,121.69356549781655,20.376326996408466,0.059006972248885174,0.08085861062602451,0.01868514615341565,0.18766688720414376,0.033173922681055186,640,0.033173922681055186,5.657060487191517,0.15449296452308858,623360,1136.1793731469606,final.pt,ADAM-FULL,1235
0.8306257759524923,0.9985549539390848,0.011120408281332367,0.0540473963974326,0.8306429388966046,0.9986200499166261,0.011120589886301149,0.05404879090830939,0.05425,1.1166088979134625,0.045,0.9262193623245312,20.582652496100692,0.4369335397296374,0.8283961349779048,120.85064795511917,23.967795804394154,0.06552481505678258,0.023862945678027714,0.09981223094866794,0.15317836942592944,0.1485246510931593,640,0.1485246510931593,1.031332969298485,0.004653718332770146,128000,261.54153533501994,step_1000.pt,B1,1236
0.6839287533979841,0.9901423888258117,0.009156430240088366,0.042488875219208286,0.6839532184399647,0.9901674436450147,0.009156718112586466,0.042490503747466324,0.10375000000000001,2.135450196470447,0.09275,1.9090410190133391,20.582652496100692,0.5823571100908723,0.9313311457127901,125.90555359943673,13.54017473443066,0.02643785965544772,0.0592006085937804,0.11668807153946904,0.12309890700151378,0.11825538936370997,640,0.11825538936370997,1.040958113316146,0.004843517637803815,256000,524.9036013600653,step_2000.pt,B1,1236
0.5583697234021787,0.9615905239565892,0.007475447398735664,0.030434501293205095,0.5583973486546588,0.9615924303485933,0.007475784861585801,0.030436461847390767,0.12875,2.650016508872964,0.13875,2.8558430338339713,20.582652496100692,0.657747369798498,0.9696565848968729,128.10742456441093,10.066799986924934,0.009411937063956873,0.007937357491024866,0.09574344807821743,0.09012933857883608,0.08412718107255913,640,0.08412718107255913,1.071346233521127,0.006002157506276945,384000,797.5502856580861,step_3000.pt,B1,1236
0.4685887649328877,0.9827857883723088,0.006273460965166374,0.02542987798150038,0.46860912799712273,0.9827449925692279,0.006273706409104715,0.025431103021275756,0.17675,3.637983828685797,0.187,3.8489560167708294,20.582652496100692,0.7187364251601799,0.9747892965823397,128.66596848010846,8.110276385918958,0.005093007560871441,0.009840072458451754,0.07348247208885421,0.10532495368470171,0.1026242721562901,640,0.1026242721562901,1.026316206406791,0.0027006815284116165,512000,1068.1061543760807,step_4000.pt,B1,1236
0.4018028654870648,0.9788068220463523,0.005379332115839599,0.02211205279598457,0.4018206623736921,0.9788016738190042,0.005379547077153843,0.022112775083006048,0.24775,5.099352155908947,0.23600000000000002,4.857505989079764,20.582652496100692,0.7600687569433427,1.009800298033468,128.90223172762137,7.026221955759564,0.0032661067899553966,0.02002531202321922,0.06393131496435278,0.09593402232482966,0.08999423109167476,640,0.08999423109167476,1.0660019110236543,0.005939791233154898,640000,1315.5022637601069,step_5000.pt,B1,1236
0.8306257759524923,0.9985549539390848,0.011120408281332367,0.0540473963974326,0.8306429388966046,0.9986200499166261,0.011120589886301149,0.05404879090830939,0.05425,1.1166088979134625,0.045,0.9262193623245312,20.582652496100692,0.4369335397296374,0.8283961349779048,120.85064795511917,23.967795804394154,0.06552481505678258,0.023862945678027714,0.09981223094866794,0.15317836942592944,0.1485246510931593,640,0.1485246510931593,1.031332969298485,0.004653718332770146,128000,260.6637876969962,step_1000.pt,LBFGS-F,1236
0.6839287533979841,0.9901423888258117,0.009156430240088366,0.042488875219208286,0.6839532184399647,0.9901674436450147,0.009156718112586466,0.042490503747466324,0.10375000000000001,2.135450196470447,0.09275,1.9090410190133391,20.582652496100692,0.5823571100908723,0.9313311457127901,125.90555359943673,13.54017473443066,0.02643785965544772,0.0592006085937804,0.11668807153946904,0.12309890700151378,0.11825538936370997,640,0.11825538936370997,1.040958113316146,0.004843517637803815,256000,519.8212565229933,step_2000.pt,LBFGS-F,1236
0.6332526946522107,0.9624813990413932,0.008477979751725461,0.037265156331561876,0.6332808027134167,0.9625011254135593,0.008478319335620228,0.03726711688574755,0.105,2.1611785120905727,0.1145,2.3567137108035294,20.582652496100692,0.6026226617404365,0.9387356424793348,126.91459930868248,11.852214643299513,0.01863543416813246,0.037702380922314926,0.08767411303843586,0.10149758396799961,0.0983660668317675,640,0.0983660668317675,1.0318353395341897,0.0031315171362321093,320000,655.9863197550239,switch.pt,LBFGS-F,1236
0.5986584950378918,0.9554403741742312,0.008014833007409718,0.034635330135295045,0.5986926145664557,0.9554833200458569,0.008015255078668236,0.03463834269468632,0.10475,2.1560328489665475,0.11225,2.3104027426873026,20.582652496100692,0.6316457263824545,0.9735916926928098,127.0285859769031,11.127512098280484,0.0177540345673121,0.05804680007768237,0.10840935543278309,0.1136033690658773,0.014103004993145048,640,0.014103004993145048,8.055259791873839,0.09950036407273224,384000,768.7373173010237,step_3000.pt,LBFGS-F,1236
0.5830214666541218,0.9476816025791251,0.007805484652267592,0.03426188468403543,0.5830600915767379,0.9477678480137199,0.007805967948282522,0.034264897243426705,0.10575,2.1766155014626483,0.1145,2.3567137108035294,20.582652496100692,0.6456943714782306,0.9741375785976689,126.79426635221535,10.673143111366944,0.019565906314141582,0.06693990234511871,0.11143397861737603,0.1171173730864246,0.004657466514483742,640,0.004657466514483742,25.14615461479201,0.11245990657194085,512000,973.8353622540235,step_4000.pt,LBFGS-F,1236
0.578438096479425,0.9524722038890467,0.007744122545380573,0.03390095620817865,0.5784777846786809,0.952566442548644,0.0077446203422772844,0.033903968767569924,0.1225,2.521374930772335,0.11475,2.3618593739275546,20.582652496100692,0.6513605816265668,0.9739212043818144,126.74563358718737,10.554123977636873,0.019941958183641646,0.07233248557965188,0.11529596361010724,0.1170201877369781,0.0027092213086394247,640,0.0027092213086394247,43.1932922437207,0.11431096642833867,623360,1154.361961850027,final.pt,LBFGS-F,1236
0.8306257759524923,0.9985549539390848,0.011120408281332367,0.0540473963974326,0.8306429388966046,0.9986200499166261,0.011120589886301149,0.05404879090830939,0.05425,1.1166088979134625,0.045,0.9262193623245312,20.582652496100692,0.4369335397296374,0.8283961349779048,120.85064795511917,23.967795804394154,0.06552481505678258,0.023862945678027714,0.09981223094866794,0.15317836942592944,0.1485246510931593,640,0.1485246510931593,1.031332969298485,0.004653718332770146,128000,259.2329034940176,step_1000.pt,LBFGS-R,1236
0.6839287533979841,0.9901423888258117,0.009156430240088366,0.042488875219208286,0.6839532184399647,0.9901674436450147,0.009156718112586466,0.042490503747466324,0.10375000000000001,2.135450196470447,0.09275,1.9090410190133391,20.582652496100692,0.5823571100908723,0.9313311457127901,125.90555359943673,13.54017473443066,0.02643785965544772,0.0592006085937804,0.11668807153946904,0.12309890700151378,0.11825538936370997,640,0.11825538936370997,1.040958113316146,0.004843517637803815,256000,519.8176961330191,step_2000.pt,LBFGS-R,1236
0.6332526946522107,0.9624813990413932,0.008477979751725461,0.037265156331561876,0.6332808027134167,0.9625011254135593,0.008478319335620228,0.03726711688574755,0.105,2.1611785120905727,0.1145,2.3567137108035294,20.582652496100692,0.6026226617404365,0.9387356424793348,126.91459930868248,11.852214643299513,0.01863543416813246,0.037702380922314926,0.08767411303843586,0.10149758396799961,0.0983660668317675,640,0.0983660668317675,1.0318353395341897,0.0031315171362321093,320000,657.072616256024,switch.pt,LBFGS-R,1236
0.6355788015380002,0.9688698179652326,0.008509121643808374,0.03496519697604804,0.6356056905056644,0.9688817786900179,0.0085094447716633,0.034966825504306076,0.10400000000000001,2.1405958595944723,0.092,1.8936040296412637,20.582652496100692,0.5519625250022425,0.8112772914194998,128.7051485564882,11.356434912541616,0.004790048414680899,0.11521558159508061,0.03555368636514533,0.11342114028234532,0.0272972617736778,640,0.0272972617736778,4.155037278930117,0.08612387850866751,384000,769.469007923024,step_3000.pt,LBFGS-R,1236
0.5934639429407934,0.9719272021747208,0.00794528840401459,0.0326785863167519,0.5934922352287052,0.9719544442289392,0.007945632761833594,0.03267952267442881,0.127,2.613996867004788,0.11525,2.372150700175605,20.582652496100692,0.6132995520798508,0.9335862052880668,128.07830849588183,10.969739625534398,0.009637076473500298,0.018412092364264332,0.06514716497947433,0.08798513443687331,0.03147200233638629,640,0.03147200233638629,2.7956636980529668,0.056513132100487015,512000,976.0690977260274,step_4000.pt,LBFGS-R,1236
0.5152688269389025,0.9496947704196393,0.006898413095395576,0.027837847295306993,0.5153012165561256,0.949707233675556,0.006898816842824008,0.027839807849492665,0.15375,3.1645828212754816,0.164,3.3755550093605136,20.582652496100692,0.7042924172959469,0.981651464017098,127.86455555492978,9.095892513944856,0.011289916755353836,0.05575599294859357,0.11959874362723416,0.06816237151266721,0.03480275877351844,640,0.03480275877351844,1.9585335736238312,0.033359612739148774,623360,1163.6106717270286,final.pt,LBFGS-R,1236
0.8306257759524923,0.9985549539390848,0.011120408281332367,0.0540473963974326,0.8306429388966046,0.9986200499166261,0.011120589886301149,0.05404879090830939,0.05425,1.1166088979134625,0.045,0.9262193623245312,20.582652496100692,0.4369335397296374,0.8283961349779048,120.85064795511917,23.967795804394154,0.06552481505678258,0.023862945678027714,0.09981223094866794,0.15317836942592944,0.1485246510931593,640,0.1485246510931593,1.031332969298485,0.004653718332770146,128000,260.1282216669988,step_1000.pt,LBFGS-4X,1236
0.6839287533979841,0.9901423888258117,0.009156430240088366,0.042488875219208286,0.6839532184399647,0.9901674436450147,0.009156718112586466,0.042490503747466324,0.10375000000000001,2.135450196470447,0.09275,1.9090410190133391,20.582652496100692,0.5823571100908723,0.9313311457127901,125.90555359943673,13.54017473443066,0.02643785965544772,0.0592006085937804,0.11668807153946904,0.12309890700151378,0.11825538936370997,640,0.11825538936370997,1.040958113316146,0.004843517637803815,256000,520.846866548969,step_2000.pt,LBFGS-4X,1236
0.6332526946522107,0.9624813990413932,0.008477979751725461,0.037265156331561876,0.6332808027134167,0.9625011254135593,0.008478319335620228,0.03726711688574755,0.105,2.1611785120905727,0.1145,2.3567137108035294,20.582652496100692,0.6026226617404365,0.9387356424793348,126.91459930868248,11.852214643299513,0.01863543416813246,0.037702380922314926,0.08767411303843586,0.10149758396799961,0.09940881666774845,2560,0.0983660668317675,1.0210118918046514,0.0020887673002511625,320000,655.742355361017,switch.pt,LBFGS-4X,1236
0.6355788015380002,0.9688698179652326,0.008509121643808374,0.03496519697604804,0.6356056905056644,0.9688817786900179,0.0085094447716633,0.034966825504306076,0.10400000000000001,2.1405958595944723,0.092,1.8936040296412637,20.582652496100692,0.5519625250022425,0.8112772914194998,128.7051485564882,11.356434912541616,0.004790048414680899,0.11521558159508061,0.03555368636514533,0.11342114028234532,0.08221394888406174,2560,0.0272972617736778,1.3795851169038482,0.031207191398283582,384000,772.1400010150155,step_3000.pt,LBFGS-4X,1236
0.6299856608211272,0.9815942941103458,0.008434240740581828,0.034639567245892955,0.6300115266662628,0.9815973376331051,0.00843455049531226,0.03464150038115856,0.10350000000000001,2.130304533346422,0.09175,1.8884583665172385,20.582652496100692,0.545573142091294,0.804881996293229,128.7633020269106,11.128171938443847,0.004340377883760555,0.1286377242975285,0.055000068648430094,0.11472590725929227,0.0830213501139719,2560,0.02019624436717552,1.3818843839782935,0.031704557145320375,512000,991.6878921630141,step_4000.pt,LBFGS-4X,1236
0.6231033888964225,0.9796840193744779,0.008342100963655083,0.03406894962971635,0.6231287686015101,0.9796934417429575,0.008342404609107032,0.034070882764981957,0.10375000000000001,2.135450196470447,0.092,1.8936040296412637,20.582652496100692,0.5521195326576328,0.8073524688483947,128.94359796802394,10.962282655851277,0.002946243174785122,0.1302746743283767,0.050892505108342166,0.11488785935412804,0.08123362835789916,2560,0.021615717987466893,1.414289398079759,0.033654230996228884,623360,1172.8224628780135,final.pt,LBFGS-4X,1236
0.8306257759524923,0.9985549539390848,0.011120408281332367,0.0540473963974326,0.8306429388966046,0.9986200499166261,0.011120589886301149,0.05404879090830939,0.05425,1.1166088979134625,0.045,0.9262193623245312,20.582652496100692,0.4369335397296374,0.8283961349779048,120.85064795511917,23.967795804394154,0.06552481505678258,0.023862945678027714,0.09981223094866794,0.15317836942592944,0.1485246510931593,640,0.1485246510931593,1.031332969298485,0.004653718332770146,128000,262.36070645600194,step_1000.pt,ADAM-FULL,1236
0.6839287533979841,0.9901423888258117,0.009156430240088366,0.042488875219208286,0.6839532184399647,0.9901674436450147,0.009156718112586466,0.042490503747466324,0.10375000000000001,2.135450196470447,0.09275,1.9090410190133391,20.582652496100692,0.5823571100908723,0.9313311457127901,125.90555359943673,13.54017473443066,0.02643785965544772,0.0592006085937804,0.11668807153946904,0.12309890700151378,0.11825538936370997,640,0.11825538936370997,1.040958113316146,0.004843517637803815,256000,524.6340154630361,step_2000.pt,ADAM-FULL,1236
0.6332526946522107,0.9624813990413932,0.008477979751725461,0.037265156331561876,0.6332808027134167,0.9625011254135593,0.008478319335620228,0.03726711688574755,0.105,2.1611785120905727,0.1145,2.3567137108035294,20.582652496100692,0.6026226617404365,0.9387356424793348,126.91459930868248,11.852214643299513,0.01863543416813246,0.037702380922314926,0.08767411303843586,0.10149758396799961,0.0983660668317675,640,0.0983660668317675,1.0318353395341897,0.0031315171362321093,320000,662.9653106840306,switch.pt,ADAM-FULL,1236
0.6173906153821141,0.9501079236252542,0.008265618417920164,0.034208104123525096,0.6174240114946953,0.9501315488750675,0.008266029717784748,0.0342100372587907,0.10575,2.1766155014626483,0.115,2.36700503705158,20.582652496100692,0.6386869979100676,0.9766391951981198,126.5676263100799,11.625772012682797,0.021318395844596643,0.05378711872701025,0.14422653807785135,0.08661763182408508,0.03428786036312993,640,0.03428786036312993,2.526189470755832,0.052329771460955146,384000,766.1415981350383,step_3000.pt,ADAM-FULL,1236
0.6065861673405422,0.9483644784112576,0.00812096859250517,0.0344291312134526,0.6066206415599444,0.9483946800042247,0.008121394952582324,0.03443125733264763,0.1055,2.171469838338623,0.1145,2.3567137108035294,20.582652496100692,0.6409307988228367,0.9774854673422262,126.74250588277131,11.342192338278236,0.019966143094621434,0.05866453438999564,0.13498413281542637,0.09852558278066971,0.02198954946284265,640,0.02198954946284265,4.480563958218225,0.07653603331782706,512000,969.3456295210453,step_4000.pt,ADAM-FULL,1236
0.6014974280134503,0.948341845287259,0.008052840609251048,0.03446189886691787,0.6015324183742166,0.9483811833741469,0.008053274174509364,0.0344640249861129,0.10525,2.166324175214598,0.11425,2.3515680476795042,20.582652496100692,0.6399289681333133,0.9758331027173751,126.84221731047647,11.194479622815264,0.019195126501641853,0.059340615183827605,0.12612847416575138,0.10487049850717929,0.01666203740730328,640,0.01666203740730328,6.293978097853304,0.08820846109987601,623360,1145.2873984190428,final.pt,ADAM-FULL,1236
