step,loss,L_link,L_pde,lr,optimizer_steps,pde_evaluations,residual_evaluations,forward_passes,backward_passes,train_seconds,peak_rss_mb
1,437473.40625,31448.666015625,406024.75,0.0009998946450345664,1,128,256,1,1,0.4706579690000581,0.0
250,1855.9912109375,1304.795654296875,551.1954956054688,0.0009740037464252968,250,32000,64000,250,250,25.841675963999933,0.0
500,2444.63427734375,550.181396484375,1894.4530029296875,0.0009486832980505138,500,64000,128000,500,500,50.12872035499868,0.0
750,2147.19970703125,677.401123046875,1469.798583984375,0.0009240210864723069,750,96000,192000,750,750,75.84143670299409,0.0
1000,764.1114501953125,268.96533203125,495.1460876464844,0.0009000000000000001,1000,128000,256000,1000,1000,101.18766595099714,0.0
1250,988.186279296875,622.2437744140625,365.9425354003906,0.0008766033717827672,1250,160000,320000,1250,1250,125.70821790999571,0.0
1500,6377.1513671875,2169.7255859375,4207.42578125,0.0008538149682454625,1500,192000,384000,1500,1500,150.79402893099632,0.0
1750,736.270263671875,409.4677734375,326.8025207519531,0.0008316189778250762,1750,224000,448000,1750,1750,175.07631826499664,0.0
2000,2554.373779296875,844.00439453125,1710.369384765625,0.0008100000000000001,2000,256000,512000,2000,2000,198.7939680849995,0.0
2250,807.3670043945312,524.9647216796875,282.40228271484375,0.0007889430346044905,2250,288000,576000,2250,2250,222.876831450998,0.0
2500,672.4393920898438,263.9427185058594,408.4966735839844,0.0007684334714209162,2500,320000,640000,2500,2500,247.7922033099985,0.0
2750,325.8772277832031,124.77861785888672,201.09860229492188,0.0007484570800425686,2750,352000,704000,2750,2750,272.1730998960011,0.0
3000,4225.14892578125,1273.509521484375,2951.639404296875,0.0007290000000000002,3000,384000,768000,3000,3000,296.3219316980044,0.0
3250,437.85003662109375,197.08334350585938,240.7666778564453,0.0007100487311440415,3250,416000,832000,3250,3250,320.3759783809969,0.0
3500,1456.758056640625,533.4912109375,923.266845703125,0.0006915901242788246,3500,448000,896000,3500,3500,343.50459052299675,0.0
3750,1531.99658203125,1031.82470703125,500.17193603515625,0.0006736113720383118,3750,480000,960000,3750,3750,367.61360496200405,0.0
4000,2028.621337890625,867.7966918945312,1160.82470703125,0.0006561000000000001,4000,512000,1024000,4000,4000,391.93911455500665,0.0
4250,188.96240234375,91.3946533203125,97.5677490234375,0.0006390438580296373,4250,544000,1088000,4250,4250,415.5462503650069,0.0
4500,366.64208984375,210.2230224609375,156.41905212402344,0.0006224311118509421,4500,576000,1152000,4500,4500,440.6004939360091,0.0
4750,574.3292236328125,245.66815185546875,328.6611022949219,0.0006062502348344807,4750,608000,1216000,4750,4750,464.6561440250084,0.0
5000,1334.134765625,471.80621337890625,862.32861328125,0.00059049,5000,640000,1280000,5000,5000,488.08419160600806,0.0
