gradnorm_f,step,epoch,loss,lr,train_seconds,pde_evaluations,L_f,lam_f,L2_paper,L2_late_paper,RMSE_paper,maxerr_paper,L2_exact,L2_late_exact,RMSE_exact,maxerr_exact
23415075.394706987,1,0,1505627.375,0.0009998946450345664,0.3173480189998372,128,1505627.375,1.0,3.5987012926984168,14.767371002632093,0.048132503894644955,0.16260902368025243,3.5987167983211457,14.766989745712985,0.04813250264753288,0.16260933404972244
93809.97121825519,250,50,1070.664794921875,0.0009740037464252968,55.01472966500069,32000,1070.664794921875,1.0,,,,,,,,
77029.59542598868,500,100,941.2816162109375,0.0009486832980505138,109.64795255699528,64000,941.2816162109375,1.0,0.8976162529831672,1.01367036246305,0.012005585981884268,0.06373143423761576,0.8976273331603134,1.0137349570880123,0.012005682139253763,0.0637328354018187
77253.15725510687,750,150,1108.06591796875,0.0009240210864723069,163.79187064999405,96000,1108.06591796875,1.0,,,,,,,,
86890.04802361259,1000,200,1175.864990234375,0.0009000000000000001,215.90099484999018,128000,1175.864990234375,1.0,0.8291668508694217,0.998491003612797,0.011090077623213148,0.05396703588731312,0.8291839856076885,0.9985560289664331,0.011090258728103547,0.05396920734166244
42720.847437053584,1250,250,274.6961364746094,0.0008766033717827672,270.1379802499878,160000,274.6961364746094,1.0,,,,,,,,
45528.9958825114,1500,300,230.22238159179688,0.0008538149682454625,321.99776350098955,192000,230.22238159179688,1.0,0.7448514682533183,0.9943307044485823,0.009962362330370645,0.04629559825842805,0.7448741295114697,0.9943809392867636,0.009962622240103849,0.04629753139369366
110602.4087618452,1750,350,476.5924377441406,0.0008316189778250762,374.97568835899756,224000,476.5924377441406,1.0,,,,,,,,
105637.11036564158,2000,400,438.9261169433594,0.0008100000000000001,426.9338792039962,256000,438.9261169433594,1.0,0.6827277124802136,0.9900392715060008,0.009131459270212293,0.042404021265664005,0.6827521379745297,0.9900637409070818,0.009131746378041932,0.042406711936902104
131835.89890280308,2250,450,332.1651611328125,0.0007889430346044905,477.63015515099823,288000,332.1651611328125,1.0,,,,,,,,
112892.4553582424,2500,500,357.9495849609375,0.0007684334714209162,531.9543868070004,320000,357.9495849609375,1.0,0.6321414282572322,0.962501879650855,0.008454869488415609,0.037265156331561876,0.6321694852798139,0.9625218312182258,0.008455208100319316,0.03726711688574755
76982.98841167973,2750,550,248.90524291992188,0.0007484570800425686,584.3352920749967,352000,248.90524291992188,1.0,,,,,,,,
42927.88837400325,3000,600,230.2198486328125,0.0007290000000000002,638.8776317479956,384000,230.2198486328125,1.0,0.5573905231240326,0.9616264510621491,0.00745507874730797,0.030434501293205095,0.557418096840438,0.9616286049960056,0.007455415228692538,0.030436461847390767
105448.66344813685,3250,650,300.07403564453125,0.0007100487311440415,691.517503963993,416000,300.07403564453125,1.0,,,,,,,,
78654.26430429933,3500,700,247.5341339111328,0.0006915901242788246,742.161946777997,448000,247.5341339111328,1.0,0.5082143126153077,0.9743887271265571,0.006797348652110141,0.027592194202445817,0.5082388589828762,0.9743444624273306,0.0067976474939580225,0.02759415475663149
52144.305885998234,3750,750,198.89251708984375,0.0006736113720383118,796.1496318020045,480000,198.89251708984375,1.0,,,,,,,,
105665.25427272775,4000,800,325.11163330078125,0.0006561000000000001,850.5659420670058,512000,325.11163330078125,1.0,0.4677658502469256,0.9826869466523435,0.006256351882962148,0.025406580867507064,0.4677861801515476,0.9826457668683535,0.006256596674994701,0.025408992621654296
41211.20313658275,4250,850,155.29281616210938,0.0006390438580296373,903.610630316005,544000,155.29281616210938,1.0,,,,,,,,
198379.85370407003,4500,900,855.6476440429688,0.0006224311118509421,958.6385597720082,576000,855.6476440429688,1.0,0.44538980545742585,0.9685167307071046,0.005957073066695136,0.02274115477409425,0.4454098749161478,0.968492518750426,0.005957315672530898,0.022742541576459555
54849.73633690974,4750,950,168.9179229736328,0.0006062502348344807,1013.7162008470091,608000,168.9179229736328,1.0,,,,,,,,
52986.209130647825,5000,1000,226.88284301757812,0.00059049,1068.3941858460112,640000,226.88284301757812,1.0,0.401097135384809,0.978743399728784,0.005364660153986875,0.02211205279598457,0.40111490215853085,0.978738214183141,0.0053648745294759565,0.022112775083006048
