gradnorm_f,step,epoch,loss,lr,train_seconds,pde_evaluations,L_f,lam_f,L2_paper,L2_late_paper,RMSE_paper,maxerr_paper,L2_exact,L2_late_exact,RMSE_exact,maxerr_exact,stage
33604459.0258932,1,0,1989886.5,0.0009998946450345664,0.6553217900000163,128,1989886.5,1.0,3.4454877749855317,13.301310262109133,0.04608327845518148,0.15526889509528669,3.445503271569953,13.30096755079741,0.04608328596967983,0.1552691526869609,
96434.65992410811,250,50,958.0133056640625,0.0009740037464252968,64.535072417013,32000,958.0133056640625,1.0,,,,,,,,,
70546.80360244427,500,100,363.3574523925781,0.0009486832980505138,130.83391975603445,64000,363.3574523925781,1.0,0.9396342307174833,1.0776426664898107,0.012567574964144478,0.0677313305851385,0.9396419835952173,1.0776058679410134,0.012567624183216934,0.06773273174934144,
87439.5346664063,750,150,978.4177856445312,0.0009240210864723069,197.35763016703277,96000,978.4177856445312,1.0,,,,,,,,,
37616.72086931014,1000,200,578.1395263671875,0.0009000000000000001,261.9887074010112,128000,578.1395263671875,1.0,0.8678858650872788,1.1078432147978947,0.011607943083850032,0.05922288746239288,0.8678994672705905,1.1078288942917154,0.011608074696425778,0.05922349382653076,
97864.05464461315,1250,250,812.6592407226562,0.0008766033717827672,328.4292727100219,160000,812.6592407226562,1.0,,,,,,,,,
104493.20173568129,1500,300,659.634765625,0.0008538149682454625,396.87739799903284,192000,659.634765625,1.0,0.7959177933711303,1.0973588163122023,0.010645372642342176,0.05070183384187245,0.7959382749428631,1.0973726274160598,0.010645600438420862,0.050704005296221766,
149812.0082931013,1750,350,468.373046875,0.0008316189778250762,461.1641379890207,224000,468.373046875,1.0,,,,,,,,,
116188.71352285496,2000,400,580.7040405273438,0.0008100000000000001,528.1587922790295,256000,580.7040405273438,1.0,0.7223404804385534,1.1167000055448861,0.009661278655861492,0.043155665094325196,0.7223675790125287,1.1167194238034586,0.009661599219347538,0.04315867765371647,
36271.26792629677,2250,450,403.7626953125,0.0007889430346044905,593.5384988500282,288000,403.7626953125,1.0,,,,,,,,,
82976.85540428286,2500,500,387.077392578125,0.0007684334714209162,659.356070435022,320000,387.077392578125,1.0,0.6543559857480598,1.0676682652633456,0.008751988417712271,0.03712953320174095,0.6543849746064876,1.0677172529909293,0.008752338204953055,0.037130775838262624,
,2500,,73.2739028930664,0.0007643959882012645,711.6707728390247,352000,,,,,,,,,,,adam_full
,2500,,52.626792907714844,0.0007603797186212513,761.5358049290207,384000,,,,,,,,,,,adam_full
,3000,,42.071876525878906,0.0007563845512207214,812.8768831040234,416000,,,,,,,,,,,adam_full
,3000,,35.32319259643555,0.0007524103751251506,863.7459353200302,448000,,,,,,,,,,,adam_full
,3000,,30.67392349243164,0.0007484570800425686,914.5584847730333,480000,,,,,,,,,,,adam_full
,3000,,27.2927188873291,0.0007445245562604985,963.9085433000309,512000,,,,,,,,,,,adam_full
,4000,,24.713680267333984,0.0007406126946429117,1016.2693113100304,544000,,,,,,,,,,,adam_full
,4000,,22.661075592041016,0.0007367213866271994,1067.5542566310232,576000,,,,,,,,,,,adam_full
,4000,,20.967330932617188,0.0007328505242211596,1112.1941932160207,608000,,,,,,,,,,,adam_full
,4000,,20.249713897705078,0.0007309997409818796,1131.1073704290175,623360,,,,,,,,,,,adam_full
