arm,seed,experiment_id,precision,run_key,omega_d,run_key_ok,L2_exact,L2_paper,L2_late_exact,PDE_residual_rel,IC_error_max,BC_error_max,parameters,model_size_bytes,optimizer_steps,pde_evaluations,train_seconds,peak_rss_mb,peak_vram_mb,inference_us_per_point,persistence_cycles,persistence_cycles_vel,collapse_time_s,collapse_time_vel_s,full_window_cycles,amplitude_ratio,max_ut_ratio,fit_w,fit_decay,frequency_error_exact,phase_error_exact,amplitude_error_exact,passes_persistence_gate,seconds_per_step,residual_evaluations,forward_passes,backward_passes,diag_backward_passes,link_residual_rel,mixed_pde_residual_rel,class_vs_B1,case
B1,1234,B2-E01-B1-s1234,float32,Z4_20K__s1234__f78aa7f1da,129.3246197462831,True,0.5263868153173645,0.5263551281416545,1.0668393562637386,0.11022354745212025,4.808604019737031e-06,1.4096619871395433e-05,241601,967620,5000,640000,822.2103967020021,933.7734375,0.0,23.163110346816588,3.1542914950274312,3.360118019988438,0.15325,0.16325,20.582652496100692,0.6852344234305555,0.9305816700304187,128.07802380678396,8.981398750079364,0.009639277826177196,0.017973383057498182,0.07508236660778518,False,0.16444207934040042,640000,5000,5000,21,,,reference,reference
B1_fp64,1234,B2-E01-B1_fp64-s1234,float64,Z4_20K__s1234__e153dd7abf,129.3246197462831,True,0.5263896628239725,0.5263579754297798,1.066841847888646,0.11022754318456199,8.948056054794429e-15,2.6257000711808497e-14,241601,1935240,5000,640000,1403.5022488629925,1178.0390625,0.0,44.13309811810518,3.1542914950274312,3.360118019988438,0.15325,0.16325,20.582652496100692,0.6852316127837697,0.9305758983018287,128.07804148569542,8.981404737746809,0.009639141124352775,0.01796851197564031,0.07507689120833663,False,0.2807004497725985,640000,5000,5000,21,,,COMPARABLE,not material
mixed,1234,B2-E01-mixed-s1234,float32,n/a (arm trainer),129.3246197462831,True,0.6749926487043156,0.6749588312455272,1.0423623094628194,2.5736934767670054,4.808604019737031e-06,1.4096619871395433e-05,242002,969224,5000,640000,374.4168862509997,730.12890625,0.0,22.747068253932763,1.6671948521841562,1.8627300508971125,0.081,0.0905,20.582652496100692,0.5400527444099521,0.8948139836271772,126.72714836016316,13.238683504155098,0.020084894826799617,0.028585450741730245,0.026567599614456795,False,0.07488337725019995,1280000,5000,5000,0,0.05616076579072862,0.06966030849751474,WORSE,B
modal,1234,B2-E01-modal-s1234,float32,n/a (arm trainer),129.3246197462831,True,0.27045179475499953,0.27046512786560445,0.8239631351578014,0.07426496041865221,4.808604019737031e-06,2.8193239742790865e-05,241601,967212,5000,640000,189.97456135300195,703.765625,0.0,16.164213481319013,7.620727086681282,7.852281927262414,0.37025,0.3815,20.582652496100692,0.8347055902608514,1.0034805560540925,129.27810920504749,5.400926001450649,0.00035964181705592244,0.03343820737923764,0.02682092691930003,False,0.03799491227060039,640000,5000,5000,0,,,BETTER,partial
B1,1235,B2-E01-B1-s1235,float32,Z4_20K__s1235__9f2b0e63dc,129.3246197462831,True,0.5485542463765377,0.5485256317083388,1.0604790458440878,0.09714210572422859,4.808604019737031e-06,1.4096619871395433e-05,241601,967620,5000,640000,1102.1273982450007,926.234375,0.0,29.721731494949022,3.1079805269112044,2.8815713494540973,0.151,0.14,20.582652496100692,0.6599754857063753,0.9239035792830711,128.1522264464256,9.46986524222189,0.009065507419682163,0.01179064494662141,0.06459232450797853,False,0.22042547964900014,640000,5000,5000,21,,,reference,reference
B1_fp64,1235,B2-E01-B1_fp64-s1235,float64,Z4_20K__s1235__4e77fe81f0,129.3246197462831,True,0.5485513196843971,0.5485227053933346,1.0604751615509118,0.0971394370980717,8.948056054794429e-15,2.6257000711808497e-14,241601,1935240,5000,640000,1786.9830953149967,1176.2578125,0.0,58.80475834570275,3.1079805269112044,2.8815713494540973,0.151,0.14,20.582652496100692,0.6599768247505672,0.923907073511987,128.15225932996694,9.469828975234304,0.00906525314836552,0.011790559494286423,0.06459290650842302,False,0.35739661906299935,640000,5000,5000,21,,,COMPARABLE,not material
mixed,1235,B2-E01-mixed-s1235,float32,n/a (arm trainer),129.3246197462831,True,0.6233829566146278,0.6233492063593299,1.0629314584185656,1.1199925761363518,4.808604019737031e-06,1.4096619871395433e-05,242002,969224,5000,640000,513.8557501779993,729.62109375,0.0,29.40449343835546,2.1251588702223967,1.8884583665172385,0.10325000000000001,0.09175,20.582652496100692,0.5687245113451824,0.9060392972333501,127.67804960952573,11.536102247100947,0.012732070196593016,0.032980692020217806,0.013432563010689246,False,0.10277115003559986,1280000,5000,5000,0,0.06682743869279306,0.09200024145150996,COMPARABLE,A
modal,1235,B2-E01-modal-s1235,float32,n/a (arm trainer),129.3246197462831,True,0.304266663108593,0.3042454299670113,0.8841671082221749,0.04575001464190926,4.808604019737031e-06,1.4096619871395433e-05,241601,967212,5000,640000,266.3232073749993,704.08984375,0.0,20.35176165996602,6.617322777496373,6.802566649961279,0.3215,0.3305,20.582652496100692,0.81700440904613,0.9942830658409306,129.04753372859076,5.888290810002816,0.0021425620136053354,0.01219643739004539,0.049623381511785206,False,0.05326464147499986,640000,5000,5000,0,,,BETTER,partial
B1,1236,B2-E01-B1-s1236,float32,Z4_20K__s1236__7faa59acc0,129.3246197462831,True,0.4018206623736921,0.4018028654870648,0.9788016738190042,0.09593402232482966,4.808604019737031e-06,1.4096619871395433e-05,241601,967620,5000,640000,1068.3941858460112,904.08984375,0.0,28.909644854687034,5.099352155908947,4.857505989079764,0.24775,0.23600000000000002,20.582652496100692,0.7600687569433427,1.009800298033468,128.90223172762137,7.026221955759564,0.0032661067899553966,0.02002531202321922,0.06393131496435278,False,0.21367883716920225,640000,5000,5000,21,,,reference,reference
B1_fp64,1236,B2-E01-B1_fp64-s1236,float64,Z4_20K__s1236__fbf7b14af4,129.3246197462831,True,0.4018196971975133,0.40180190008722805,0.9788146735134486,0.09593923556754955,8.948056054794429e-15,2.6257000711808497e-14,241601,1935240,5000,640000,1766.8243860930002,1170.2265625,0.0,60.21550843434011,5.099352155908947,4.857505989079764,0.24775,0.23600000000000002,20.582652496100692,0.7600770653750484,1.0097987042451704,128.9022536693956,7.026216663701567,0.0032659371256310104,0.02002228263959349,0.06394217821778984,False,0.35336487721860005,640000,5000,5000,21,,,COMPARABLE,not material
mixed,1236,B2-E01-mixed-s1236,float32,n/a (arm trainer),129.3246197462831,True,0.6278739886158657,0.6278380386676744,1.0985600941702276,1.647709251476433,4.808604019737031e-06,1.4096619871395433e-05,242002,969224,5000,640000,488.08419160600806,730.29296875,0.0,28.538943357177207,2.130304533346422,1.9038953558893141,0.10350000000000001,0.0925,20.582652496100692,0.579516220243313,0.9151413367151289,127.3456058839938,11.530708036071031,0.015302684563634181,0.005317652902373737,0.02912873560094786,False,0.09761683832120162,1280000,5000,5000,0,0.13376585035311025,0.13318139524423328,WORSE,B
modal,1236,B2-E01-modal-s1236,float32,n/a (arm trainer),129.3246197462831,True,0.32949675291156916,0.3294802097491329,0.8263162822707446,0.0707025813569818,4.808604019737031e-06,1.4096619871395433e-05,241601,967212,5000,640000,247.95248669799867,705.41015625,0.0,18.142450098831286,6.092465138845805,5.860910298264672,0.296,0.28475,20.582652496100692,0.7823489358792934,0.9774164505998967,129.3462466657015,6.051770636038566,0.00016722971589496356,0.03807735526838307,0.015969134284112344,False,0.049590497339599734,640000,5000,5000,0,,,COMPARABLE,H2-support
