L2_paper,L2_late_paper,RMSE_paper,maxerr_paper,L2_exact,L2_late_exact,RMSE_exact,maxerr_exact,collapse_time_s,persistence_cycles,collapse_time_vel_s,persistence_cycles_vel,full_window_cycles,amplitude_ratio,max_ut_ratio,fit_w,fit_decay,frequency_error_exact,phase_error_exact,amplitude_error_exact,arm,seed,step,pde_evaluations
0.8694091168116244,1.1077584990452187,0.01163963920018155,0.05934016219361714,0.8694227462539911,1.1077442034500644,0.011639771249672663,0.05934155670449393,0.0345,0.7101015111154739,0.04175,0.859325741712204,20.582652496100692,0.3990935285551283,0.8223628413162757,113.30216181108759,29.423887063773208,0.12389333111227661,0.07338437284258159,0.10383549028863923,B1,1234,1000,128000
0.7236043435358545,1.116522790563625,0.00968760658196143,0.043240411344792624,0.7236314965336258,1.1165421493413017,0.009687928139677466,0.04324253746398766,0.079,1.6260295471919548,0.068,1.3996203697348473,20.582652496100692,0.5242399382955054,0.9322807507231975,124.37422809026214,16.00396625815458,0.038278803105958846,0.01977563563829321,0.09517037513755253,B1,1234,2000,256000
0.6166139727215879,1.0597104526504404,0.008255220734963783,0.03600678814349799,0.6166414930744787,1.0597462765166676,0.008255553415606983,0.03600841667175603,0.105,2.1611785120905727,0.115,2.36700503705158,20.582652496100692,0.5977357693043439,0.9068760531413972,127.62781486558008,11.404293200423792,0.013120509335592265,0.017921284707111074,0.05625245689113298,B1,1234,3000,384000
0.5590509001435289,1.0696737289376044,0.0074845669850702855,0.03213938864613441,0.5590781113123265,1.06970334810703,0.007484898864692704,0.03214089794631546,0.13,2.67574482449309,0.14025,2.8867170125781225,20.582652496100692,0.6645660943542623,0.9655234624920243,127.85884483117248,9.957341122096485,0.011334074811016457,0.03790731164347294,0.09966342166824697,B1,1234,4000,512000
0.5263551281416545,1.0668010149273375,0.0070468363676725,0.029315045207351974,0.5263868153173645,1.0668393562637382,0.007047230067923573,0.029315846043628982,0.15325,3.1542914950274312,0.16325,3.360118019988438,20.582652496100692,0.6852344234305555,0.9305816700304187,128.07802380678396,8.981398750079364,0.009639277826177196,0.017973383057498182,0.07508236660778518,B1,1234,5000,640000
0.8694087214053208,1.1077581483616188,0.011639633906486532,0.059340052153347256,0.8694223509169964,1.1077438536273312,0.01163976595692848,0.05934144666422405,0.0345,0.7101015111154739,0.04175,0.859325741712204,20.582652496100692,0.3990935874065261,0.8223628977502202,113.30226294252208,29.4238468625366,0.12389254911550995,0.07338271641095995,0.10383476648244458,B1_fp64,1234,1000,128000
0.7236028923570619,1.1165188851712995,0.00968758715359654,0.04324029575701969,0.723630045325792,1.116538244212656,0.009687908711007932,0.04324242187621472,0.079,1.6260295471919548,0.068,1.3996203697348473,20.582652496100692,0.5242410593941425,0.9322829892046219,124.37428611426759,16.003916626153956,0.038278354436513166,0.01977498652779186,0.0951710524964096,B1_fp64,1234,2000,256000
0.6166132488127799,1.0597067103681295,0.008255211043281033,0.03600673240969948,0.6166407690052844,1.059742534656304,0.008255543721818978,0.03600836093795752,0.105,2.1611785120905727,0.115,2.36700503705158,20.582652496100692,0.5977367253324635,0.9068760894287067,127.62785467314639,11.404273269308913,0.01312020152439291,0.017923373232891393,0.05625264607534318,B1_fp64,1234,3000,384000
0.5590502853334708,1.0696719333080429,0.00748455875400034,0.03213960709631052,0.5590774962513619,1.0697015544110469,0.007484890630299292,0.03214111639649157,0.13,2.67574482449309,0.14025,2.8867170125781225,20.582652496100692,0.6645667168406191,0.9655235725364942,127.85886144629976,9.957341813042207,0.011333946334881656,0.03790709332713238,0.09966447794402382,B1_fp64,1234,4000,512000
0.5263579754297798,1.0668035057360838,0.007046874487132989,0.02931521900051768,0.5263896628239725,1.066841847888646,0.0070472681901439654,0.029316019836794688,0.15325,3.1542914950274312,0.16325,3.360118019988438,20.582652496100692,0.6852316127837697,0.9305758983018287,128.07804148569542,8.981404737746809,0.009639141124352775,0.01796851197564031,0.07507689120833663,B1_fp64,1234,5000,640000
0.8956990071283376,1.0495294649546487,0.011991607947669609,0.060943504786333355,0.89571087116967,1.0495797016411716,0.011991714837437885,0.06094489929721015,0.03375,0.6946645217433984,0.0385,0.7924321210998766,20.582652496100692,0.37455540312437624,0.7596245078196894,111.18955972365282,32.85669299800209,0.14022898391821098,0.0034763021539827577,0.0725389092661447,mixed,1234,1000,128000
0.8455949581930262,1.324673231784604,0.011320815520033238,0.05299693903907231,0.8456142916543669,1.3246970026513931,0.011321025315612541,0.0529983335499491,0.03375,0.6946645217433984,0.04225,0.8696170679602543,20.582652496100692,0.41951106107046043,0.7084639731578583,123.04586700678092,23.438457570679343,0.048550328250105974,0.11137487519285072,0.04450093389675403,mixed,1234,2000,256000
0.7888595508073017,1.1717181382023671,0.010561242542161838,0.04765684730174758,0.7888819205206382,1.171759160779229,0.010561496277186371,0.047658973420942614,0.035,0.7203928373635243,0.04425,0.9107823729524556,20.582652496100692,0.4349847037342364,0.7380072241277128,127.09874784973816,18.89500525333053,0.017211509308218305,0.20858214680211384,0.06687696878224209,mixed,1234,3000,384000
0.6993517395378785,1.0326943925634113,0.00936291300014512,0.039607895675923606,0.6993857270027548,1.0327900658243077,0.009363327463737506,0.03961002179511864,0.07875,1.6208838840679296,0.06775,1.394474706610822,20.582652496100692,0.5232752289924083,0.8914934901076393,126.15102646346773,14.356587840607277,0.024539745711539867,0.020403033217306188,0.033682263721547194,mixed,1234,4000,512000
0.6749588312455272,1.042273881947326,0.009036341026058494,0.036745189715960386,0.6749926487043156,1.0423623094628194,0.009036754628264162,0.03674641622339969,0.081,1.6671948521841562,0.0905,1.8627300508971125,20.582652496100692,0.5400527444099521,0.8948139836271772,126.72714836016316,13.238683504155098,0.020084894826799617,0.028585450741730245,0.026567599614456795,mixed,1234,5000,640000
0.5529541255796026,1.0719201765957058,0.007402943437724483,0.029302735537575453,0.552975242841656,1.0719243731212198,0.007403194086123807,0.029303978174097127,0.1505,3.097689200663154,0.1385,2.850697370709946,20.582652496100692,0.6617567907370244,1.0023513921653127,128.1219471323341,9.836176512105885,0.009299641601950822,0.04443810448331931,0.08693946205949386,modal,1234,1000,128000
0.37168282955139464,1.0592816903492281,0.004976085423104879,0.0173982317883513,0.37171406561856574,1.0593289917276105,0.00497648205401557,0.01740091920160687,0.24975,5.140517460901148,0.26075,5.3669266383582555,20.582652496100692,0.7856802419703002,0.972359388184922,129.00588513871332,6.603110794712411,0.002464608890365139,0.009368959768223828,0.06224883283216834,modal,1234,2000,256000
0.26466281390526153,0.8728127682129974,0.0035433026914410744,0.012678071907812036,0.26469226994725087,0.872934645379071,0.0035436816980200588,0.01267860335809997,0.34725,7.147326079270965,0.358,7.368589593604048,20.582652496100692,0.8501589152453751,0.9992828385923562,129.1195722883984,5.465857289123848,0.0015855253105479205,0.006891128138751146,0.051931026230587554,modal,1234,3000,384000
0.24314941190824957,0.804529645628825,0.0032552815143317244,0.010590752181381915,0.2431811363013004,0.8046374545974101,0.003255692137085735,0.010592845808804638,0.39625,8.155876051579899,0.40800000000000003,8.397722218409083,20.582652496100692,0.867904626911661,0.9716451898624877,129.52971744924557,5.133797565130958,0.0015859138295928109,0.07167074500092951,0.03613696041376428,modal,1234,4000,512000
0.27046512786560445,0.8238974567969293,0.0036209840036318707,0.014014516103973734,0.27045179475499953,0.8239631351578014,0.003620789815512794,0.014013848467178198,0.37025,7.620727086681282,0.3815,7.852281927262414,20.582652496100692,0.8347055902608514,1.0034805560540925,129.27810920504749,5.400926001450649,0.00035964181705592244,0.03343820737923764,0.02682092691930003,modal,1234,5000,640000
0.8988305765029951,1.0267265538102655,0.01203353336223741,0.06461227149121358,0.8988423277826806,1.0266487644116078,0.012033638560748284,0.06461303473368116,0.0345,0.7101015111154739,0.04175,0.859325741712204,20.582652496100692,0.38855994438258257,0.8033021088601835,105.1877402719553,35.2867071751315,0.1866379311354713,0.2124477394879989,0.19936488954903467,B1,1235,1000,128000
0.8604558878294041,1.0245671902676463,0.011519773474121729,0.05878379008754185,0.8604726137274833,1.0245301727490692,0.011519947497980328,0.058785184598418645,0.0345,0.7101015111154739,0.04275,0.8799083942083047,20.582652496100692,0.4157111330841507,0.8873952605683416,115.77961313218914,26.81602364012264,0.1047364890047029,0.14541084020314266,0.12604098340730202,B1,1235,2000,256000
0.7723947343859678,1.0458839029192104,0.010340811770347102,0.04665676515286393,0.7724217346764571,1.0458930013052132,0.010341128454077458,0.04665869828812954,0.07825,1.6105925578198792,0.06725,1.3841833803627717,20.582652496100692,0.5068867542362142,0.9131876246150649,122.43819767373081,17.001768388977723,0.05324911904680249,0.0730021392076119,0.09336775076307684,B1,1235,3000,384000
0.6470828358537283,1.0887724376445698,0.008663137522170268,0.03877904558435907,0.6471141594988148,1.088791680716143,0.008663519354012779,0.03878173625559717,0.10475,2.1560328489665475,0.11375,2.341276721431454,20.582652496100692,0.6014690394081715,0.9548392286108827,126.08722665666846,11.993235009895761,0.02503307642400926,0.0713696266389241,0.09580223808823149,B1,1235,4000,512000
0.5485256317083388,1.0604368374561477,0.007343654812996506,0.029539068165325,0.5485542463765377,1.0604790458440878,0.007344006092973976,0.02954102871951067,0.151,3.1079805269112044,0.14,2.8815713494540973,20.582652496100692,0.6599754857063753,0.9239035792830711,128.1522264464256,9.46986524222189,0.009065507419682163,0.01179064494662141,0.06459232450797853,B1,1235,5000,640000
0.8988304162482349,1.0267264244198706,0.012033531216748532,0.06461223600174847,0.898842167543369,1.0266486352227655,0.012033636415475526,0.06461299924421604,0.0345,0.7101015111154739,0.04175,0.859325741712204,20.582652496100692,0.3885602855228581,0.8033035331736077,105.1877231915755,35.28667364446562,0.18663806320916182,0.2124492737671364,0.19936598759763408,B1_fp64,1235,1000,128000
0.8604554935741285,1.024568420259252,0.011519768195836659,0.05878369346023489,0.8604722195818596,1.0245314035820174,0.011519942221186137,0.058785087971111684,0.0345,0.7101015111154739,0.04275,0.8799083942083047,20.582652496100692,0.4157115938963738,0.8873960013215307,115.77962355626904,26.81593119337488,0.10473640840071641,0.14541174403052715,0.1260406949167601,B1_fp64,1235,2000,256000
0.7723931092950325,1.0458905290510507,0.010340790013648458,0.046656847578903524,0.7724201096843306,1.0458996278569084,0.0103411066987959,0.04665878071416913,0.07825,1.6105925578198792,0.06725,1.3841833803627717,20.582652496100692,0.5068883846227189,0.9131889309060127,122.43833021491874,17.001679681734277,0.053248094174754276,0.0729996079177897,0.09336806657963996,B1_fp64,1235,3000,384000
0.6470794761340732,1.0887665310550958,0.008663092542282388,0.03877866920964179,0.64711079958864,1.0887857755358072,0.008663474371769078,0.03878135988087989,0.10475,2.1560328489665475,0.11375,2.341276721431454,20.582652496100692,0.6014711854307552,0.9548419515003591,126.0872889898226,11.993173398116204,0.02503259443415879,0.07137035682307946,0.09580343713029155,B1_fp64,1235,4000,512000
0.5485227053933346,1.0604329514043476,0.007343615635525075,0.0295388033677138,0.5485513196843971,1.0604751615509118,0.007343966910623179,0.02954076392189947,0.151,3.1079805269112044,0.14,2.8815713494540973,20.582652496100692,0.6599768247505672,0.923907073511987,128.15225932996694,9.469828975234304,0.00906525314836552,0.011790559494286423,0.06459290650842302,B1_fp64,1235,5000,640000
0.9068104922971661,1.1766968075906261,0.012140368382593086,0.06504552606550752,0.9068157370961261,1.1766572826388557,0.01214038601000515,0.06504626615231804,0.0335,0.6895188586193732,0.035250000000000004,0.7255385004875495,20.582652496100692,0.3612979125969926,0.6993640964570021,108.00360386756492,35.80005805786739,0.16486432297691692,0.003858672163447263,0.06376781462562793,mixed,1235,1000,128000
0.8507194687886829,1.073004709689645,0.01138942240861717,0.05641824564917973,0.8507291730595183,1.0730167972143312,0.011389502992072796,0.056419640160056524,0.034,0.6998101848674236,0.0405,0.8335974260920781,20.582652496100692,0.3875983391369203,0.8509731647197258,119.16544226916669,30.190928767709206,0.07855563385415172,0.011834932040023283,0.07347465890518769,mixed,1235,2000,256000
0.7560635540346696,1.0681584847118082,0.010122170116692357,0.046710893092227215,0.7560875260437396,1.0682320091917386,0.010122447205112623,0.04671306454657653,0.05675,1.1680655291537143,0.06525,1.3430180753705703,20.582652496100692,0.47424843581697085,0.8454178937037852,124.49063660784026,17.695900546736897,0.03737867660408705,0.022823793631343126,0.03356791364258598,mixed,1235,3000,384000
0.6921771511576712,1.0945005932187946,0.009266859693893075,0.04018560807888932,0.6922087305576556,1.094576289492138,0.009267242334563459,0.04018754121415493,0.08,1.6466121996880554,0.06825,1.4047660328588725,20.582652496100692,0.5304763075785621,0.9097568773302737,125.72448130720986,14.190500514901592,0.027837997483667214,0.005468457545483307,0.042042620567490196,mixed,1235,4000,512000
0.6233492063593299,1.062840373832415,0.008345391965005335,0.0343506676526667,0.6233829566146278,1.0629314584185656,0.008345807660545294,0.034353029748830324,0.10325000000000001,2.1251588702223967,0.09175,1.8884583665172385,20.582652496100692,0.5687245113451824,0.9060392972333501,127.67804960952573,11.536102247100947,0.012732070196593016,0.032980692020217806,0.013432563010689246,mixed,1235,5000,640000
0.5038356801996139,1.0780402679453591,0.006745346259087158,0.027637167769574,0.5038566983493568,1.077986740586701,0.0067455984291541786,0.02763912832375967,0.17500000000000002,3.6019641868176215,0.16425,3.3807006724845388,20.582652496100692,0.7035964219290575,0.963527552133071,128.53510850233718,8.77039460159437,0.006104879685668785,0.0028683719127178264,0.0937559806722587,modal,1235,1000,128000
0.30044095470116533,0.9189200582221259,0.00402230002660227,0.015739156025999426,0.3004577324613199,0.9189534353690703,0.004022507222307513,0.01573956305022155,0.32225,6.632759766868448,0.3325,6.843731954953481,20.582652496100692,0.8303947876883336,0.9832169329106597,129.17944894870527,5.710673734891048,0.0011225302487850978,0.0007490593924646127,0.045518180422780344,modal,1235,2000,256000
0.2285951659118111,0.7416006470149378,0.0030604294372676005,0.01068341546679688,0.22861715494858584,0.7416125991645682,0.003060710567808306,0.010683449111794419,0.418,8.603548743370089,0.40625,8.361702576540907,20.582652496100692,0.8650643875924398,0.9551302908612636,129.39607721237215,5.060048428310389,0.0005525434076607614,0.038974606998639416,0.02868319896974098,modal,1235,3000,384000
0.3023608456976256,0.8626188807085632,0.004048003505057185,0.01426061353923904,0.30238064265330555,0.862612656663915,0.004048251010199898,0.014264352579384944,0.36975,7.610435760433232,0.358,7.368589593604048,20.582652496100692,0.8086518941398082,1.0010407469262292,129.38796783500962,5.688389820289532,0.0004898378116308695,0.04611519133490383,0.01666904999823323,modal,1235,4000,512000
0.30424542996701126,0.8841467771690592,0.004073234297458389,0.014391860512963595,0.304266663108593,0.8841671082221748,0.004073500920863422,0.0143920901444783,0.3215,6.617322777496373,0.3305,6.802566649961279,20.582652496100692,0.81700440904613,0.9942830658409306,129.04753372859076,5.888290810002816,0.0021425620136053354,0.01219643739004539,0.049623381511785206,modal,1235,5000,640000
0.8306257759524923,0.9985549539390848,0.011120408281332367,0.0540473963974326,0.8306429388966046,0.9986200499166261,0.011120589886301149,0.05404879090830939,0.05425,1.1166088979134625,0.045,0.9262193623245312,20.582652496100692,0.4369335397296374,0.8283961349779048,120.85064795511917,23.967795804394154,0.06552481505678258,0.023862945678027714,0.09981223094866794,B1,1236,1000,128000
0.6839287533979841,0.9901423888258117,0.009156430240088366,0.042488875219208286,0.6839532184399647,0.9901674436450147,0.009156718112586466,0.042490503747466324,0.10375000000000001,2.135450196470447,0.09275,1.9090410190133391,20.582652496100692,0.5823571100908723,0.9313311457127901,125.90555359943673,13.54017473443066,0.02643785965544772,0.0592006085937804,0.11668807153946904,B1,1236,2000,256000
0.5583697234021787,0.9615905239565892,0.007475447398735664,0.030434501293205095,0.5583973486546588,0.9615924303485933,0.007475784861585801,0.030436461847390767,0.12875,2.650016508872964,0.13875,2.8558430338339713,20.582652496100692,0.657747369798498,0.9696565848968729,128.10742456441093,10.066799986924934,0.009411937063956873,0.007937357491024866,0.09574344807821743,B1,1236,3000,384000
0.4685887649328877,0.9827857883723088,0.006273460965166374,0.02542987798150038,0.46860912799712273,0.9827449925692279,0.006273706409104715,0.025431103021275756,0.17675,3.637983828685797,0.187,3.8489560167708294,20.582652496100692,0.7187364251601799,0.9747892965823397,128.66596848010846,8.110276385918958,0.005093007560871441,0.009840072458451754,0.07348247208885421,B1,1236,4000,512000
0.4018028654870648,0.9788068220463523,0.005379332115839599,0.02211205279598457,0.4018206623736921,0.9788016738190042,0.005379547077153843,0.022112775083006048,0.24775,5.099352155908947,0.23600000000000002,4.857505989079764,20.582652496100692,0.7600687569433427,1.009800298033468,128.90223172762137,7.026221955759564,0.0032661067899553966,0.02002531202321922,0.06393131496435278,B1,1236,5000,640000
0.8306254060449966,0.9985555112961749,0.01112040332901509,0.05404741328479211,0.8306425690117689,0.9986206071716756,0.011120584934308701,0.0540488077956689,0.05425,1.1166088979134625,0.045,0.9262193623245312,20.582652496100692,0.43693377708539444,0.8283952946590457,120.85070431024128,23.967758939928746,0.0655243792919435,0.02386210754213325,0.09981201277089347,B1_fp64,1236,1000,128000
0.6839285869993512,0.9901451287788781,0.009156428012345393,0.04248882302378745,0.6839530518553801,0.9901701839831011,0.009156715882363635,0.04249045155204549,0.10375000000000001,2.135450196470447,0.09275,1.9090410190133391,20.582652496100692,0.5823567264855378,0.9313288336201861,125.90558759376266,13.540165210974408,0.026437596795011724,0.059200079012042384,0.11668654218936106,B1_fp64,1236,2000,256000
0.558365957544247,0.9615985285776208,0.0074753969814732295,0.03043529272927068,0.5583935827306827,0.9616004375082894,0.0074757344436575685,0.030437253283456353,0.12875,2.650016508872964,0.13875,2.8558430338339713,20.582652496100692,0.6577516168259621,0.9696551347329834,128.10746599370796,10.066695012168951,0.009411616712757628,0.007936540949893267,0.09574366439851623,B1_fp64,1236,3000,384000
0.4685879087269803,0.9828017125141274,0.006273449502291586,0.025430563525162663,0.4686082729934395,0.9827609242605924,0.006273694962374877,0.025431788564938038,0.17675,3.637983828685797,0.187,3.8489560167708294,20.582652496100692,0.7187334453506063,0.9747867316027443,128.66601943205043,8.110195392239449,0.005092613576013243,0.009833421413628862,0.07347217322392517,B1_fp64,1236,4000,512000
0.40180190008722805,0.9788198234426541,0.005379319191077752,0.022112504910278975,0.4018196971975133,0.9788146735134486,0.0053795341554423014,0.022113227197300453,0.24775,5.099352155908947,0.23600000000000002,4.857505989079764,20.582652496100692,0.7600770653750484,1.0097987042451704,128.9022536693956,7.026216663701567,0.0032659371256310104,0.02002228263959349,0.06394217821778984,B1_fp64,1236,5000,640000
0.8965172478089458,1.0534940279701168,0.01200256254443772,0.05945205291100679,0.8965267721777158,1.053522460303058,0.012002638063379409,0.05945325306746298,0.0335,0.6895188586193732,0.035,0.7203928373635243,20.582652496100692,0.36431494114135166,0.6921150315460934,112.26325563015615,33.67048825636364,0.13192665209144996,0.0664914400019967,0.04398131316579528,mixed,1236,1000,128000
0.7980889126301244,1.1171770380541837,0.010684805131497855,0.04896307352581315,0.7981112680311775,1.1172329690441525,0.010685058139662687,0.048965100139540106,0.05625,1.157774202905664,0.04475,0.921073699200506,20.582652496100692,0.4508715391736793,0.80233702795073,122.73426853138403,18.996968779872436,0.05095975714313658,0.04286999295197935,0.005607631095226812,mixed,1236,2000,256000
0.743467243950881,1.1026640966260577,0.009953530862981065,0.04285328662755706,0.7434910872841828,1.1027256885379042,0.00995380695920983,0.04285541274675209,0.05675,1.1680655291537143,0.06575,1.3533094016186207,20.582652496100692,0.47903046558274814,0.8763441229191339,125.54421209937252,16.61392804977994,0.02923192547812801,0.015879331646154515,0.005807036379380799,mixed,1236,3000,384000
0.682786730705255,1.0660430236000948,0.009141140853486883,0.03920003782694764,0.6828188015857563,1.0661319748104718,0.009141530618652527,0.03920197096221325,0.08025,1.6517578628120806,0.0895,1.842147398401012,20.582652496100692,0.5336677935698803,0.9059962338620916,126.69511438690354,13.667626446016332,0.02033259687550822,0.03700086611412079,0.025768410105133203,mixed,1236,4000,512000
0.6278380386676744,1.0984555703276488,0.008405488400031065,0.03417327265923448,0.6278739886158657,1.0985600941702276,0.008405933284581012,0.034175205794500084,0.10350000000000001,2.130304533346422,0.0925,1.9038953558893141,20.582652496100692,0.579516220243313,0.9151413367151289,127.3456058839938,11.530708036071031,0.015302684563634181,0.005317652902373737,0.02912873560094786,mixed,1236,5000,640000
0.4404693905641306,0.9651325452764536,0.005896999106349586,0.02370663440144596,0.44049833555451007,0.9651703227595801,0.005897361075273926,0.02370766204107209,0.2,4.116530499220139,0.189,3.890121321763031,20.582652496100692,0.736524929886421,0.9731544264520623,128.6217576199016,7.69078386842545,0.005434867141000962,0.018560021189300002,0.07738895150782432,modal,1236,1000,128000
0.2651722458857559,0.7991565103043513,0.00355012296090378,0.012196187449566187,0.2652001629741338,0.7991952756280756,0.003550481334534852,0.012196417081080893,0.34750000000000003,7.152471742394991,0.35825,7.373735256728073,20.582652496100692,0.8382422883593117,0.9823409585752165,129.1544330424396,5.455004305497582,0.001315965236761532,0.006781517271715831,0.03605034122013567,modal,1236,2000,256000
0.23339709593525207,0.7061246894071387,0.0031247176208817175,0.011185115890655635,0.23342061058531946,0.7061492204410744,0.003125018897743806,0.011185440077367562,0.419,8.62413139586619,0.43025,8.855686236447323,20.582652496100692,0.8533129748669892,0.981762006153141,129.255492605324,5.112421712759841,0.0005345242158431596,0.012945881139939885,0.021267049633998353,modal,1236,3000,384000
0.27141517309939334,0.7540419604185314,0.003633703198233497,0.013362418194796947,0.2714425544110754,0.7541028667778085,0.003634054036870948,0.013364146643437373,0.34625,7.126743426774865,0.3575,7.358298267355997,20.582652496100692,0.8298313839207395,0.991991383175365,129.14986544196768,5.582596141169572,0.0013512841147978758,0.0012983677053259868,0.03928202096154543,modal,1236,4000,512000
0.3294802097491329,0.8263092054669806,0.0044110772373128744,0.016583029284686378,0.32949675291156916,0.8263162822707447,0.004411279608136861,0.016583830120963386,0.296,6.092465138845805,0.28475,5.860910298264672,20.582652496100692,0.7823489358792934,0.9774164505998967,129.3462466657015,6.051770636038566,0.00016722971589496356,0.03807735526838307,0.015969134284112344,modal,1236,5000,640000
