arm,metric,n_seeds,seed1234,seed1235,seed1236,mean,std,min,max,range,cv
B1,L2_exact,3,0.5263868153173645,0.5485542463765377,0.4018206623736921,0.4922539080225315,0.07909789939611729,0.4018206623736921,0.5485542463765377,0.14673358400284564,0.16068516289462717
B1,persistence_cycles,3,3.1542914950274312,3.1079805269112044,5.099352155908947,3.787208059282527,1.136586017059702,3.1079805269112044,5.099352155908947,1.9913716289977423,0.30011185001413
B1,persistence_cycles_vel,3,3.360118019988438,2.8815713494540973,4.857505989079764,3.6997317861740995,1.030816451971572,2.8815713494540973,4.857505989079764,1.9759346396256663,0.2786192382441705
B1,collapse_time_s,3,0.15325,0.151,0.24775,0.18400000000000002,0.055220580402599896,0.151,0.24775,0.09675,0.3001118500141298
B1,frequency_error_exact,3,0.009639277826177196,0.009065507419682163,0.0032661067899553966,0.007323630678604919,0.0035256103301504436,0.0032661067899553966,0.009639277826177196,0.006373171036221799,0.48140198282391244
B1,fit_decay,3,8.981398750079364,9.46986524222189,7.026221955759564,8.492495316020273,1.2931040382522117,7.026221955759564,9.46986524222189,2.4436432864623248,0.15226432163146392
B1,PDE_residual_rel,3,0.11022354745212025,0.09714210572422859,0.09593402232482966,0.10109989183372615,0.007924372862079768,0.09593402232482966,0.11022354745212025,0.014289525127290592,0.0783816156313261
B1,IC_error_max,3,4.808604019737031e-06,4.808604019737031e-06,4.808604019737031e-06,4.808604019737031e-06,0.0,4.808604019737031e-06,4.808604019737031e-06,0.0,0.0
B1,BC_error_max,3,1.4096619871395433e-05,1.4096619871395433e-05,1.4096619871395433e-05,1.4096619871395433e-05,0.0,1.4096619871395433e-05,1.4096619871395433e-05,0.0,0.0
B1,amplitude_ratio,3,0.6852344234305555,0.6599754857063753,0.7600687569433427,0.7017595553600912,0.05205262458028128,0.6599754857063753,0.7600687569433427,0.10009327123696743,0.07417444362915973
B1,max_ut_ratio,3,0.9305816700304187,0.9239035792830711,1.009800298033468,0.9547618491156525,0.04778150655291941,0.9239035792830711,1.009800298033468,0.08589671875039684,0.05004547112683336
B1,train_seconds,3,822.2103967020021,1102.1273982450007,1068.3941858460112,997.5773269310047,152.80593106338094,822.2103967020021,1102.1273982450007,279.9170015429986,0.15317702892614904
B1,seconds_per_step,3,0.16444207934040042,0.22042547964900014,0.21367883716920225,0.19951546538620094,0.030561186212676186,0.16444207934040042,0.22042547964900014,0.05598340030859972,0.15317702892614904
B1,peak_rss_mb,3,933.7734375,926.234375,904.08984375,921.3658854166666,15.42904979562995,904.08984375,933.7734375,29.68359375,0.016745844446641865
B1_fp64,L2_exact,3,0.5263896628239725,0.5485513196843971,0.4018196971975133,0.4922535599019609,0.07909802400461699,0.4018196971975133,0.5485513196843971,0.14673162248688376,0.16068552966964922
B1_fp64,persistence_cycles,3,3.1542914950274312,3.1079805269112044,5.099352155908947,3.787208059282527,1.136586017059702,3.1079805269112044,5.099352155908947,1.9913716289977423,0.30011185001413
B1_fp64,persistence_cycles_vel,3,3.360118019988438,2.8815713494540973,4.857505989079764,3.6997317861740995,1.030816451971572,2.8815713494540973,4.857505989079764,1.9759346396256663,0.2786192382441705
B1_fp64,collapse_time_s,3,0.15325,0.151,0.24775,0.18400000000000002,0.055220580402599896,0.151,0.24775,0.09675,0.3001118500141298
B1_fp64,frequency_error_exact,3,0.009639141124352775,0.00906525314836552,0.0032659371256310104,0.007323443799449768,0.0035256002550358018,0.0032659371256310104,0.009639141124352775,0.006373203998721764,0.48141289147336536
B1_fp64,fit_decay,3,8.981404737746809,9.469828975234304,7.026216663701567,8.492483458894228,1.2930944648225526,7.026216663701567,9.469828975234304,2.4436123115327364,0.15226340693878976
B1_fp64,PDE_residual_rel,3,0.11022754318456199,0.0971394370980717,0.09593923556754955,0.10110207195006109,0.007925641290598799,0.09593923556754955,0.11022754318456199,0.014288307617012441,0.07839247146699065
B1_fp64,IC_error_max,3,8.948056054794429e-15,8.948056054794429e-15,8.948056054794429e-15,8.948056054794429e-15,0.0,8.948056054794429e-15,8.948056054794429e-15,0.0,0.0
B1_fp64,BC_error_max,3,2.6257000711808497e-14,2.6257000711808497e-14,2.6257000711808497e-14,2.6257000711808497e-14,0.0,2.6257000711808497e-14,2.6257000711808497e-14,0.0,0.0
B1_fp64,amplitude_ratio,3,0.6852316127837697,0.6599768247505672,0.7600770653750484,0.7017618343031283,0.052057186928214455,0.6599768247505672,0.7600770653750484,0.1001002406244812,0.0741807040274695
B1_fp64,max_ut_ratio,3,0.9305758983018287,0.923907073511987,1.0097987042451704,0.9547605586863286,0.04778092094064937,0.923907073511987,1.0097987042451704,0.0858916307331834,0.05004492540662966
B1_fp64,train_seconds,3,1403.5022488629925,1786.9830953149967,1766.8243860930002,1652.4365767569964,215.81894748238363,1403.5022488629925,1786.9830953149967,383.48084645200424,0.13060649377898725
B1_fp64,seconds_per_step,3,0.2807004497725985,0.35739661906299935,0.35336487721860005,0.33048731535139925,0.04316378949647673,0.2807004497725985,0.35739661906299935,0.07669616929040085,0.13060649377898725
B1_fp64,peak_rss_mb,3,1178.0390625,1176.2578125,1170.2265625,1174.8411458333333,4.09438608289855,1170.2265625,1178.0390625,7.8125,0.003485055062481948
mixed,L2_exact,3,0.6749926487043156,0.6233829566146278,0.6278739886158657,0.6420831979782697,0.02858874433105742,0.6233829566146278,0.6749926487043156,0.0516096920896878,0.04452498433392266
mixed,persistence_cycles,3,1.6671948521841562,2.1251588702223967,2.130304533346422,1.974219418584325,0.26590352149258045,1.6671948521841562,2.130304533346422,0.4631096811622657,0.13468792728381468
mixed,persistence_cycles_vel,3,1.8627300508971125,1.8884583665172385,1.9038953558893141,1.885027924434555,0.020795949928705565,1.8627300508971125,1.9038953558893141,0.04116530499220161,0.011032170748846415
mixed,collapse_time_s,3,0.081,0.10325000000000001,0.10350000000000001,0.09591666666666669,0.012918817025305894,0.081,0.10350000000000001,0.022500000000000006,0.13468792728381468
mixed,frequency_error_exact,3,0.020084894826799617,0.012732070196593016,0.015302684563634181,0.016039883195675605,0.003731434560320738,0.012732070196593016,0.020084894826799617,0.007352824630206601,0.23263477138828184
mixed,fit_decay,3,13.238683504155098,11.536102247100947,11.530708036071031,12.10183126244236,0.984546615957629,11.530708036071031,13.238683504155098,1.7079754680840669,0.08135517630403073
mixed,PDE_residual_rel,3,2.5736934767670054,1.1199925761363518,1.647709251476433,1.78046510145993,0.7358869912576413,1.1199925761363518,2.5736934767670054,1.4537009006306536,0.4133116625842513
mixed,IC_error_max,3,4.808604019737031e-06,4.808604019737031e-06,4.808604019737031e-06,4.808604019737031e-06,0.0,4.808604019737031e-06,4.808604019737031e-06,0.0,0.0
mixed,BC_error_max,3,1.4096619871395433e-05,1.4096619871395433e-05,1.4096619871395433e-05,1.4096619871395433e-05,0.0,1.4096619871395433e-05,1.4096619871395433e-05,0.0,0.0
mixed,amplitude_ratio,3,0.5400527444099521,0.5687245113451824,0.579516220243313,0.5627644919994825,0.020395657728139147,0.5400527444099521,0.579516220243313,0.03946347583336085,0.03624190583822034
mixed,max_ut_ratio,3,0.8948139836271772,0.9060392972333501,0.9151413367151289,0.9053315391918854,0.010182141816656637,0.8948139836271772,0.9151413367151289,0.02032735308795164,0.011246865237618246
mixed,train_seconds,3,374.4168862509997,513.8557501779993,488.08419160600806,458.78560934500234,74.19302113535859,374.4168862509997,513.8557501779993,139.4388639269996,0.16171610360944463
mixed,seconds_per_step,3,0.07488337725019995,0.10277115003559986,0.09761683832120162,0.09175712186900048,0.014838604227071717,0.07488337725019995,0.10277115003559986,0.027887772785399917,0.1617161036094446
mixed,peak_rss_mb,3,730.12890625,729.62109375,730.29296875,730.0143229166666,0.35028703817666923,729.62109375,730.29296875,0.671875,0.0004798358431888679
modal,L2_exact,3,0.27045179475499953,0.304266663108593,0.32949675291156916,0.30140507025838725,0.02962631104538711,0.27045179475499953,0.32949675291156916,0.05904495815656963,0.09829400354807964
modal,persistence_cycles,3,7.620727086681282,6.617322777496373,6.092465138845805,6.776838334341153,0.7765179038226337,6.092465138845805,7.620727086681282,1.5282619478354773,0.11458409740832738
modal,persistence_cycles_vel,3,7.852281927262414,6.802566649961279,5.860910298264672,6.838586291829455,0.9961743332090592,5.860910298264672,7.852281927262414,1.991371628997742,0.14566962975948106
modal,collapse_time_s,3,0.37025,0.3215,0.296,0.32925000000000004,0.03772681407169179,0.296,0.37025,0.07425000000000004,0.11458409740832737
modal,frequency_error_exact,3,0.00035964181705592244,0.0021425620136053354,0.00016722971589496356,0.0008898111821854072,0.0010891712851456307,0.00016722971589496356,0.0021425620136053354,0.0019753322977103718,1.2240476484804206
modal,fit_decay,3,5.400926001450649,5.888290810002816,6.051770636038566,5.78032914916401,0.3385874698674997,5.400926001450649,6.051770636038566,0.6508446345879175,0.05857581136473319
modal,PDE_residual_rel,3,0.07426496041865221,0.04575001464190926,0.0707025813569818,0.06357251880584776,0.015537177258110973,0.04575001464190926,0.07426496041865221,0.028514945776742955,0.2444008441062709
modal,IC_error_max,3,4.808604019737031e-06,4.808604019737031e-06,4.808604019737031e-06,4.808604019737031e-06,0.0,4.808604019737031e-06,4.808604019737031e-06,0.0,0.0
modal,BC_error_max,3,2.8193239742790865e-05,1.4096619871395433e-05,1.4096619871395433e-05,1.8795493161860577e-05,8.138687277413981e-06,1.4096619871395433e-05,2.8193239742790865e-05,1.4096619871395433e-05,0.43301270189221935
modal,amplitude_ratio,3,0.8347055902608514,0.81700440904613,0.7823489358792934,0.811352978395425,0.026631913483774985,0.7823489358792934,0.8347055902608514,0.05235665438155801,0.03282407804362003
modal,max_ut_ratio,3,1.0034805560540925,0.9942830658409306,0.9774164505998967,0.9917266908316399,0.013218762732304195,0.9774164505998967,1.0034805560540925,0.026064105454195796,0.013329037984466502
modal,train_seconds,3,189.97456135300195,266.3232073749993,247.95248669799867,234.750085142,39.849799152347565,189.97456135300195,266.3232073749993,76.34864602199735,0.16975414142338854
modal,seconds_per_step,3,0.03799491227060039,0.05326464147499986,0.049590497339599734,0.046950017028399994,0.007969959830469515,0.03799491227060039,0.05326464147499986,0.015269729204399472,0.16975414142338857
modal,peak_rss_mb,3,703.765625,704.08984375,705.41015625,704.421875,0.87109375,703.765625,705.41015625,1.64453125,0.0012366080340704922
