L2_paper,L2_late_paper,RMSE_paper,maxerr_paper,L2_exact,L2_late_exact,RMSE_exact,maxerr_exact,collapse_time_s,persistence_cycles,collapse_time_vel_s,persistence_cycles_vel,full_window_cycles,amplitude_ratio,max_ut_ratio,fit_w,fit_decay,frequency_error_exact,phase_error_exact,amplitude_error_exact,arm,step,pde_evaluations
0.8694091168116244,1.1077584990452187,0.01163963920018155,0.05934016219361714,0.8694227462539911,1.1077442034500644,0.011639771249672663,0.05934155670449393,0.0345,0.7101015111154739,0.04175,0.859325741712204,20.582652496100692,0.3990935285551283,0.8223628413162757,113.30216181108759,29.423887063773208,0.12389333111227661,0.07338437284258159,0.10383549028863923,B1,1000,128000
0.7236043435358545,1.116522790563625,0.00968760658196143,0.043240411344792624,0.7236314965336258,1.1165421493413017,0.009687928139677466,0.04324253746398766,0.079,1.6260295471919548,0.068,1.3996203697348473,20.582652496100692,0.5242399382955054,0.9322807507231975,124.37422809026214,16.00396625815458,0.038278803105958846,0.01977563563829321,0.09517037513755253,B1,2000,256000
0.6166139727215879,1.0597104526504404,0.008255220734963783,0.03600678814349799,0.6166414930744787,1.0597462765166676,0.008255553415606983,0.03600841667175603,0.105,2.1611785120905727,0.115,2.36700503705158,20.582652496100692,0.5977357693043439,0.9068760531413972,127.62781486558008,11.404293200423792,0.013120509335592265,0.017921284707111074,0.05625245689113298,B1,3000,384000
0.5590509001435289,1.0696737289376044,0.0074845669850702855,0.03213938864613441,0.5590781113123265,1.06970334810703,0.007484898864692704,0.03214089794631546,0.13,2.67574482449309,0.14025,2.8867170125781225,20.582652496100692,0.6645660943542623,0.9655234624920243,127.85884483117248,9.957341122096485,0.011334074811016457,0.03790731164347294,0.09966342166824697,B1,4000,512000
0.5263551281416545,1.0668010149273375,0.0070468363676725,0.029315045207351974,0.5263868153173645,1.0668393562637382,0.007047230067923573,0.029315846043628982,0.15325,3.1542914950274312,0.16325,3.360118019988438,20.582652496100692,0.6852344234305555,0.9305816700304187,128.07802380678396,8.981398750079364,0.009639277826177196,0.017973383057498182,0.07508236660778518,B1,5000,640000
0.8694087214053208,1.1077581483616188,0.011639633906486532,0.059340052153347256,0.8694223509169964,1.1077438536273312,0.01163976595692848,0.05934144666422405,0.0345,0.7101015111154739,0.04175,0.859325741712204,20.582652496100692,0.3990935874065261,0.8223628977502202,113.30226294252208,29.4238468625366,0.12389254911550995,0.07338271641095995,0.10383476648244458,B1_fp64,1000,128000
0.7236028923570619,1.1165188851712995,0.00968758715359654,0.04324029575701969,0.723630045325792,1.116538244212656,0.009687908711007932,0.04324242187621472,0.079,1.6260295471919548,0.068,1.3996203697348473,20.582652496100692,0.5242410593941425,0.9322829892046219,124.37428611426759,16.003916626153956,0.038278354436513166,0.01977498652779186,0.0951710524964096,B1_fp64,2000,256000
0.6166132488127799,1.0597067103681295,0.008255211043281033,0.03600673240969948,0.6166407690052844,1.059742534656304,0.008255543721818978,0.03600836093795752,0.105,2.1611785120905727,0.115,2.36700503705158,20.582652496100692,0.5977367253324635,0.9068760894287067,127.62785467314639,11.404273269308913,0.01312020152439291,0.017923373232891393,0.05625264607534318,B1_fp64,3000,384000
0.5590502853334708,1.0696719333080429,0.00748455875400034,0.03213960709631052,0.5590774962513619,1.0697015544110469,0.007484890630299292,0.03214111639649157,0.13,2.67574482449309,0.14025,2.8867170125781225,20.582652496100692,0.6645667168406191,0.9655235725364942,127.85886144629976,9.957341813042207,0.011333946334881656,0.03790709332713238,0.09966447794402382,B1_fp64,4000,512000
0.5263579754297798,1.0668035057360838,0.007046874487132989,0.02931521900051768,0.5263896628239725,1.066841847888646,0.0070472681901439654,0.029316019836794688,0.15325,3.1542914950274312,0.16325,3.360118019988438,20.582652496100692,0.6852316127837697,0.9305758983018287,128.07804148569542,8.981404737746809,0.009639141124352775,0.01796851197564031,0.07507689120833663,B1_fp64,5000,640000
0.8956990071283376,1.0495294649546487,0.011991607947669609,0.060943504786333355,0.89571087116967,1.0495797016411716,0.011991714837437885,0.06094489929721015,0.03375,0.6946645217433984,0.0385,0.7924321210998766,20.582652496100692,0.37455540312437624,0.7596245078196894,111.18955972365282,32.85669299800209,0.14022898391821098,0.0034763021539827577,0.0725389092661447,mixed,1000,128000
0.8455949581930262,1.324673231784604,0.011320815520033238,0.05299693903907231,0.8456142916543669,1.3246970026513931,0.011321025315612541,0.0529983335499491,0.03375,0.6946645217433984,0.04225,0.8696170679602543,20.582652496100692,0.41951106107046043,0.7084639731578583,123.04586700678092,23.438457570679343,0.048550328250105974,0.11137487519285072,0.04450093389675403,mixed,2000,256000
0.7888595508073017,1.1717181382023671,0.010561242542161838,0.04765684730174758,0.7888819205206382,1.171759160779229,0.010561496277186371,0.047658973420942614,0.035,0.7203928373635243,0.04425,0.9107823729524556,20.582652496100692,0.4349847037342364,0.7380072241277128,127.09874784973816,18.89500525333053,0.017211509308218305,0.20858214680211384,0.06687696878224209,mixed,3000,384000
0.6993517395378785,1.0326943925634113,0.00936291300014512,0.039607895675923606,0.6993857270027548,1.0327900658243077,0.009363327463737506,0.03961002179511864,0.07875,1.6208838840679296,0.06775,1.394474706610822,20.582652496100692,0.5232752289924083,0.8914934901076393,126.15102646346773,14.356587840607277,0.024539745711539867,0.020403033217306188,0.033682263721547194,mixed,4000,512000
0.6749588312455272,1.042273881947326,0.009036341026058494,0.036745189715960386,0.6749926487043156,1.0423623094628194,0.009036754628264162,0.03674641622339969,0.081,1.6671948521841562,0.0905,1.8627300508971125,20.582652496100692,0.5400527444099521,0.8948139836271772,126.72714836016316,13.238683504155098,0.020084894826799617,0.028585450741730245,0.026567599614456795,mixed,5000,640000
0.5529541255796026,1.0719201765957058,0.007402943437724483,0.029302735537575453,0.552975242841656,1.0719243731212198,0.007403194086123807,0.029303978174097127,0.1505,3.097689200663154,0.1385,2.850697370709946,20.582652496100692,0.6617567907370244,1.0023513921653127,128.1219471323341,9.836176512105885,0.009299641601950822,0.04443810448331931,0.08693946205949386,modal,1000,128000
0.37168282955139464,1.0592816903492281,0.004976085423104879,0.0173982317883513,0.37171406561856574,1.0593289917276105,0.00497648205401557,0.01740091920160687,0.24975,5.140517460901148,0.26075,5.3669266383582555,20.582652496100692,0.7856802419703002,0.972359388184922,129.00588513871332,6.603110794712411,0.002464608890365139,0.009368959768223828,0.06224883283216834,modal,2000,256000
0.26466281390526153,0.8728127682129974,0.0035433026914410744,0.012678071907812036,0.26469226994725087,0.872934645379071,0.0035436816980200588,0.01267860335809997,0.34725,7.147326079270965,0.358,7.368589593604048,20.582652496100692,0.8501589152453751,0.9992828385923562,129.1195722883984,5.465857289123848,0.0015855253105479205,0.006891128138751146,0.051931026230587554,modal,3000,384000
0.24314941190824957,0.804529645628825,0.0032552815143317244,0.010590752181381915,0.2431811363013004,0.8046374545974101,0.003255692137085735,0.010592845808804638,0.39625,8.155876051579899,0.40800000000000003,8.397722218409083,20.582652496100692,0.867904626911661,0.9716451898624877,129.52971744924557,5.133797565130958,0.0015859138295928109,0.07167074500092951,0.03613696041376428,modal,4000,512000
0.27046512786560445,0.8238974567969293,0.0036209840036318707,0.014014516103973734,0.27045179475499953,0.8239631351578014,0.003620789815512794,0.014013848467178198,0.37025,7.620727086681282,0.3815,7.852281927262414,20.582652496100692,0.8347055902608514,1.0034805560540925,129.27810920504749,5.400926001450649,0.00035964181705592244,0.03343820737923764,0.02682092691930003,modal,5000,640000
