step,loss,L_ode_causal,L_ode_plain,L_w_min,L_w_last_bin,lr,optimizer_steps,pde_evaluations,residual_evaluations,forward_passes,backward_passes,train_seconds,peak_rss_mb
1,102028.25,102028.25,2068344.75,0.0,0.0,0.0009998946450345664,1,128,512,1,1,0.238210208000055,0.0
250,2894.418212890625,2894.418212890625,492903.5,0.0,0.0,0.0009740037464252968,250,32000,128000,250,250,12.137315804997343,0.0
500,750.5513305664062,750.5513305664062,491833.65625,0.0,0.0,0.0009486832980505138,500,64000,256000,500,500,24.04693382599544,0.0
750,198.4126434326172,198.4126434326172,536080.5625,0.0,0.0,0.0009240210864723069,750,96000,384000,750,750,36.5330700500017,0.0
1000,5759.7451171875,5759.7451171875,565455.875,0.0,0.0,0.0009000000000000001,1000,128000,512000,1000,1000,48.666487937004604,0.0
1250,693.08544921875,693.08544921875,776555.25,0.0,0.0,0.0008766033717827672,1250,160000,640000,1250,1250,60.471172929016575,0.0
1500,339.689453125,339.689453125,747793.0,0.0,0.0,0.0008538149682454625,1500,192000,768000,1500,1500,72.14868706400921,0.0
1750,316.04443359375,316.04443359375,609681.6875,0.0,0.0,0.0008316189778250762,1750,224000,896000,1750,1750,84.05553437001072,0.0
2000,349.5082702636719,349.5082702636719,663850.5,0.0,0.0,0.0008100000000000001,2000,256000,1024000,2000,2000,96.14973088300303,0.0
2250,357.5011291503906,357.5011291503906,769744.125,0.0,0.0,0.0007889430346044905,2250,288000,1152000,2250,2250,107.83581694199529,0.0
2500,270.5993347167969,270.5993347167969,674982.4375,0.0,0.0,0.0007684334714209162,2500,320000,1280000,2500,2500,120.44174551199285,0.0
2750,281.0126953125,281.0126953125,725086.375,0.0,0.0,0.0007484570800425686,2750,352000,1408000,2750,2750,132.86404791399036,0.0
3000,268.6203308105469,268.6203308105469,720111.875,0.0,0.0,0.0007290000000000002,3000,384000,1536000,3000,3000,144.926145024996,0.0
3250,5484.30322265625,5484.30322265625,766329.1875,0.0,0.0,0.0007100487311440415,3250,416000,1664000,3250,3250,157.0977070969866,0.0
3500,3425.73095703125,3425.73095703125,1583055.75,0.0,0.0,0.0006915901242788246,3500,448000,1792000,3500,3500,168.85898160098805,0.0
3750,184.73936462402344,184.73936462402344,1097792.5,0.0,0.0,0.0006736113720383118,3750,480000,1920000,3750,3750,179.9561461509893,0.0
4000,1684.9267578125,1684.9267578125,1141701.5,0.0,0.0,0.0006561000000000001,4000,512000,2048000,4000,4000,192.22588801399252,0.0
4250,348.6695251464844,348.6695251464844,777266.5625,0.0,0.0,0.0006390438580296373,4250,544000,2176000,4250,4250,204.19294199699198,0.0
4500,184.2189483642578,184.2189483642578,172080.75,0.0,0.0,0.0006224311118509421,4500,576000,2304000,4500,4500,216.37664373199368,0.0
4750,201.33815002441406,201.33815002441406,37016.78515625,0.0,0.0,0.0006062502348344807,4750,608000,2432000,4750,4750,227.1163852369973,0.0
5000,250.56863403320312,250.56863403320312,31040.669921875,0.0,0.0,0.00059049,5000,640000,2560000,5000,5000,239.2656351109872,0.0
