gradnorm_f,step,epoch,loss,lr,train_seconds,pde_evaluations,L_f,lam_f,L2_paper,L2_late_paper,RMSE_paper,maxerr_paper,L2_exact,L2_late_exact,RMSE_exact,maxerr_exact,stage,active_set
23415075.394706987,1,0,1505627.375,0.0009998946450345664,0.3262271139992663,128,1505627.375,1.0,3.5987012926984168,14.767371002632093,0.048132503894644955,0.16260902368025243,3.5987167983211457,14.766989745712985,0.04813250264753288,0.16260933404972244,,
93809.97121825519,250,50,1070.664794921875,0.0009740037464252968,64.2079917660194,32000,1070.664794921875,1.0,,,,,,,,,,
77029.59542598868,500,100,941.2816162109375,0.0009486832980505138,130.52702599501572,64000,941.2816162109375,1.0,0.8976162529831672,1.01367036246305,0.012005585981884268,0.06373143423761576,0.8976273331603134,1.0137349570880123,0.012005682139253763,0.0637328354018187,,
77253.15725510687,750,150,1108.06591796875,0.0009240210864723069,195.09744886701446,96000,1108.06591796875,1.0,,,,,,,,,,
86890.04802361259,1000,200,1175.864990234375,0.0009000000000000001,259.2329034940176,128000,1175.864990234375,1.0,0.8291668508694217,0.998491003612797,0.011090077623213148,0.05396703588731312,0.8291839856076885,0.9985560289664331,0.011090258728103547,0.05396920734166244,,
42720.847437053584,1250,250,274.6961364746094,0.0008766033717827672,323.9326796060086,160000,274.6961364746094,1.0,,,,,,,,,,
45528.9958825114,1500,300,230.22238159179688,0.0008538149682454625,387.24051699201664,192000,230.22238159179688,1.0,0.7448514682533183,0.9943307044485823,0.009962362330370645,0.04629559825842805,0.7448741295114697,0.9943809392867636,0.009962622240103849,0.04629753139369366,,
110602.4087618452,1750,350,476.5924377441406,0.0008316189778250762,452.54002872201454,224000,476.5924377441406,1.0,,,,,,,,,,
105637.11036564158,2000,400,438.9261169433594,0.0008100000000000001,519.8176961330191,256000,438.9261169433594,1.0,0.6827277124802136,0.9900392715060008,0.009131459270212293,0.042404021265664005,0.6827521379745297,0.9900637409070818,0.009131746378041932,0.042406711936902104,,
131835.89890280308,2250,450,332.1651611328125,0.0007889430346044905,586.9985601120188,288000,332.1651611328125,1.0,,,,,,,,,,
112892.4553582424,2500,500,357.9495849609375,0.0007684334714209162,657.072616256024,320000,357.9495849609375,1.0,0.6321414282572322,0.962501879650855,0.008454869488415609,0.037265156331561876,0.6321694852798139,0.9625218312182258,0.008455208100319316,0.03726711688574755,,
,2500,,15.500715255737305,,716.5330162720238,352000,,,,,,,,,,,lbfgs,0
,2500,,18.545475006103516,,769.469007923024,384000,,,,,,,,,,,lbfgs,1
,3000,,25.150192260742188,,821.647364084025,416000,,,,,,,,,,,lbfgs,2
,3000,,15.067070007324219,,872.3194497560253,448000,,,,,,,,,,,lbfgs,3
,3000,,16.713449478149414,,923.4799002480268,480000,,,,,,,,,,,lbfgs,4
,3000,,24.651796340942383,,976.0690977260274,512000,,,,,,,,,,,lbfgs,5
,4000,,31.662883758544922,,1031.0498498660272,544000,,,,,,,,,,,lbfgs,6
,4000,,36.71113586425781,,1083.4085226400275,576000,,,,,,,,,,,lbfgs,7
,4000,,11.024645805358887,,1137.7357521550275,608000,,,,,,,,,,,lbfgs,8
,4000,,30.145822525024414,,1163.6106717270286,623360,,,,,,,,,,,lbfgs,9
