gradnorm_f,step,window,epoch,loss,lr,train_seconds,pde_evaluations,L_f
33604459.0258932,1,0,0,1989886.5,0.0009998946450345664,0.19770455400021092,128,1989886.5
96434.65992410811,250,0,50,958.0133056640625,0.0009740037464252968,33.923821655999745,32000,958.0133056640625
70546.80360244427,500,0,100,363.3574523925781,0.0009486832980505138,68.2381427829996,64000,363.3574523925781
87439.5346664063,750,0,150,978.4177856445312,0.0009240210864723069,101.56314489200031,96000,978.4177856445312
37616.72086931014,1000,0,200,578.1395263671875,0.0009000000000000001,135.25768179600163,128000,578.1395263671875
97864.05464461315,1250,0,250,812.6592407226562,0.0008766033717827672,168.00174946300103,160000,812.6592407226562
104493.20173568129,1500,0,300,659.634765625,0.0008538149682454625,199.4111464000025,192000,659.634765625
149812.0082931013,1750,0,350,468.373046875,0.0008316189778250762,233.01549831500324,224000,468.373046875
116188.71352285496,2000,0,400,580.7040405273438,0.0008100000000000001,266.48905554899693,256000,580.7040405273438
36271.26792629677,2250,0,450,403.7626953125,0.0007889430346044905,299.68162845499546,288000,403.7626953125
82976.85540428286,2500,0,500,387.077392578125,0.0007684334714209162,332.39445940399446,320000,387.077392578125
81005.20379449468,2750,0,550,240.34230041503906,0.0007484570800425686,367.0152188629909,352000,240.34230041503906
112654.469248938,3000,0,600,373.93402099609375,0.0007290000000000002,399.5991201549905,384000,373.93402099609375
92456.98201892404,3250,0,650,356.86627197265625,0.0007100487311440415,433.80628592599123,416000,356.86627197265625
54105.5210193137,3500,0,700,211.08839416503906,0.0006915901242788246,468.47779862499647,448000,211.08839416503906
45052.667496142756,3750,0,750,197.5137481689453,0.0006736113720383118,502.36992707299214,480000,197.5137481689453
65199.7195597736,4000,0,800,417.3562316894531,0.0006561000000000001,539.0251209469911,512000,417.3562316894531
156016.65331995147,4250,0,850,515.9217529296875,0.0006390438580296373,573.9171005129974,544000,515.9217529296875
107505.45079210677,4500,0,900,618.4151000976562,0.0006224311118509421,608.6991592119975,576000,618.4151000976562
126273.72510715625,4750,0,950,320.1776428222656,0.0006062502348344807,644.2023578329931,608000,320.1776428222656
116749.97818621351,5000,0,1000,535.4627685546875,0.00059049,679.7970549019915,640000,535.4627685546875
