step,loss,L_ode,lr,optimizer_steps,pde_evaluations,residual_evaluations,forward_passes,backward_passes,train_seconds,peak_rss_mb
1,1755417.0,1755417.0,0.0009998946450345664,1,128,128,1,1,0.12618091799998865,0.0
250,623.0347290039062,623.0347290039062,0.0009740037464252968,250,32000,32000,250,250,13.143058485999632,0.0
500,854.6123046875,854.6123046875,0.0009486832980505138,500,64000,64000,500,500,26.44045592199967,0.0
750,442.0933532714844,442.0933532714844,0.0009240210864723069,750,96000,96000,750,750,41.03840241399831,0.0
1000,280.2361145019531,280.2361145019531,0.0009000000000000001,1000,128000,128000,1000,1000,53.94117319699808,0.0
1250,161.02732849121094,161.02732849121094,0.0008766033717827672,1250,160000,160000,1250,1250,66.89348616199811,0.0
1500,203.80670166015625,203.80670166015625,0.0008538149682454625,1500,192000,192000,1500,1500,80.89820431799819,0.0
1750,202.85888671875,202.85888671875,0.0008316189778250762,1750,224000,224000,1750,1750,94.81851541199785,0.0
2000,207.98472595214844,207.98472595214844,0.0008100000000000001,2000,256000,256000,2000,2000,108.71339494699794,0.0
2250,503.4931945800781,503.4931945800781,0.0007889430346044905,2250,288000,288000,2250,2250,121.39059875699866,0.0
2500,421.79571533203125,421.79571533203125,0.0007684334714209162,2500,320000,320000,2500,2500,133.8351876739992,0.0
2750,530.4558715820312,530.4558715820312,0.0007484570800425686,2750,352000,352000,2750,2750,146.1088857329991,0.0
3000,311.68182373046875,311.68182373046875,0.0007290000000000002,3000,384000,384000,3000,3000,158.77022885299897,0.0
3250,318.9208679199219,318.9208679199219,0.0007100487311440415,3250,416000,416000,3250,3250,175.38962475299888,0.0
3500,163.2925262451172,163.2925262451172,0.0006915901242788246,3500,448000,448000,3500,3500,187.97771379199878,0.0
3750,193.7834930419922,193.7834930419922,0.0006736113720383118,3750,480000,480000,3750,3750,200.69277085899893,0.0
4000,326.70025634765625,326.70025634765625,0.0006561000000000001,4000,512000,512000,4000,4000,214.43788368199887,0.0
4250,1597.0634765625,1597.0634765625,0.0006390438580296373,4250,544000,544000,4250,4250,227.27910660499828,0.0
4500,523.5667724609375,523.5667724609375,0.0006224311118509421,4500,576000,576000,4500,4500,240.10259146299842,0.0
4750,1008.11669921875,1008.11669921875,0.0006062502348344807,4750,608000,608000,4750,4750,252.84473425299853,0.0
5000,134.7450714111328,134.7450714111328,0.00059049,5000,640000,640000,5000,5000,266.3232073749993,0.0
