step,loss,L_ode,lr,optimizer_steps,pde_evaluations,residual_evaluations,forward_passes,backward_passes,train_seconds,peak_rss_mb,stage,switch_step,switch_pde_evaluations
1,2068344.75,2068344.75,0.0009998946450345664,1,128,128,1,1,0.06317928600037703,0.0,,,
250,922.827880859375,922.827880859375,0.0009740037464252968,250,32000,32000,250,250,11.636587310992581,0.0,,,
500,636.921142578125,636.921142578125,0.0009486832980505138,500,64000,64000,500,500,22.636990215008154,0.0,,,
750,405.5220642089844,405.5220642089844,0.0009240210864723069,750,96000,96000,750,750,34.379067511003086,0.0,,,
1000,506.9830627441406,506.9830627441406,0.0009000000000000001,1000,128000,128000,1000,1000,46.11424647000331,0.0,,,
1250,238.1311492919922,238.1311492919922,0.0008766033717827672,1250,160000,160000,1250,1250,58.195996120005475,0.0,,,
1500,328.5194091796875,328.5194091796875,0.0008538149682454625,1500,192000,192000,1500,1500,69.986553440016,0.0,,,
1750,392.88946533203125,392.88946533203125,0.0008316189778250762,1750,224000,224000,1750,1750,82.0078044040074,0.0,,,
2000,843.6514892578125,843.6514892578125,0.0008100000000000001,2000,256000,256000,2000,2000,93.06864731500264,0.0,,,
2250,289.2514343261719,289.2514343261719,0.0007889430346044905,2250,288000,288000,2250,2250,104.65547858299942,0.0,,,
2500,567.9208984375,567.9208984375,0.0007684334714209162,2500,320000,320000,2500,2500,116.65096063499186,0.0,,,
2500,13.61431884765625,,1.0,2500,384000,384000,2600,2600,141.4345724189916,704.34765625,lbfgs,2500,320000
3000,1.5535705089569092,,1.0,2500,512000,512000,2800,2800,181.5488400049917,704.34765625,lbfgs,2500,320000
4000,0.33453789353370667,,1.0,2500,623360,623360,2974,2974,216.38925512099195,704.34765625,lbfgs,2500,320000
